time,symbol,open,high,low,close,pat_score,pat_bias,pat_name,pat_engulfing,pat_doji,pat_hammer,pat_shooting_star,pat_harami,pat_morning_star,pat_evening_star,pat_marubozu
2026-07-20 23:45:00,EURUSD,1.14129,1.14143,1.14128,1.14137,100.0,1,pat_harami=100,0,0,0,0,100,0,0,0
2026-07-21 00:00:00,EURUSD,1.1409,1.1414,1.14088,1.1413,0.0,0,none,0,0,0,0,0,0,0,0
2026-07-21 00:15:00,EURUSD,1.1413,1.14143,1.141,1.14106,0.0,0,none,0,0,0,0,0,0,0,0
2026-07-21 00:30:00,EURUSD,1.14105,1.14129,1.14086,1.14095,-100.0,-1,pat_shooting_star=-100,0,0,0,-100,0,0,0,0
2026-07-21 00:45:00,EURUSD,1.14095,1.14099,1.14089,1.14092,0.0,0,none,0,0,0,0,0,0,0,0
2026-07-21 01:00:00,EURUSD,1.14104,1.14123,1.14101,1.14121,0.0,0,none,0,0,0,0,0,0,0,0
2026-07-21 01:15:00,EURUSD,1.14122,1.14128,1.14115,1.1412,0.0,0,none,0,0,0,0,0,0,0,0
2026-07-21 01:30:00,EURUSD,1.14119,1.14123,1.14114,1.14121,100.0,1,pat_hammer=100,0,0,100,0,0,0,0,0
2026-07-21 01:45:00,EURUSD,1.14121,1.14136,1.14121,1.14131,0.0,0,none,0,0,0,0,0,0,0,0
2026-07-21 02:00:00,EURUSD,1.14131,1.14137,1.14125,1.14136,0.0,0,none,0,0,0,0,0,0,0,0
2026-07-21 02:15:00,EURUSD,1.14136,1.14141,1.14127,1.14131,-100.0,-1,pat_engulfing=-100,-100,0,0,0,0,0,0,0
2026-07-21 02:30:00,EURUSD,1.14131,1.14137,1.14129,1.14131,100.0,1,pat_doji=100,0,100,0,0,0,0,0,0
2026-07-21 02:45:00,EURUSD,1.14131,1.14162,1.1413,1.14158,0.0,0,none,0,0,0,0,0,0,0,0
2026-07-21 03:00:00,EURUSD,1.14159,1.14184,1.14153,1.1416,100.0,1,pat_doji=100,0,100,0,0,0,0,0,0
2026-07-21 03:15:00,EURUSD,1.1416,1.14162,1.14121,1.14129,-100.0,-1,pat_engulfing=-100,-100,0,0,0,0,0,0,0
2026-07-21 03:30:00,EURUSD,1.14128,1.14144,1.14115,1.14142,0.0,0,none,0,0,0,0,0,0,0,0
2026-07-21 03:45:00,EURUSD,1.14142,1.14162,1.14131,1.14133,-100.0,-1,pat_shooting_star=-100,0,0,0,-100,0,0,0,0
2026-07-21 04:00:00,EURUSD,1.14133,1.14155,1.14122,1.14132,100.0,1,pat_doji=100,0,100,0,0,0,0,0,0
2026-07-21 04:15:00,EURUSD,1.14132,1.14165,1.14129,1.14147,100.0,1,pat_engulfing=100,100,0,0,0,0,0,0,0
2026-07-21 04:30:00,EURUSD,1.14146,1.14162,1.14126,1.14159,0.0,0,none,0,0,0,0,0,0,0,0
2026-07-21 04:45:00,EURUSD,1.14158,1.14162,1.14143,1.14147,-100.0,-1,pat_harami=-100,0,0,0,0,-100,0,0,0
2026-07-21 05:00:00,EURUSD,1.14146,1.14161,1.14146,1.14151,100.0,1,pat_harami=100,0,0,0,0,100,0,0,0
2026-07-21 05:15:00,EURUSD,1.1415,1.14163,1.14136,1.14136,0.0,0,none,0,0,0,0,0,0,0,0
2026-07-21 05:30:00,EURUSD,1.14136,1.14152,1.14135,1.14135,0.0,0,"pat_doji=100,pat_shooting_star=-100",0,100,0,-100,0,0,0,0
2026-07-21 05:45:00,EURUSD,1.14135,1.14135,1.14105,1.14111,0.0,0,none,0,0,0,0,0,0,0,0
2026-07-21 06:00:00,EURUSD,1.14111,1.14128,1.1409,1.14097,0.0,0,none,0,0,0,0,0,0,0,0
2026-07-21 06:15:00,EURUSD,1.14098,1.14117,1.14093,1.14111,100.0,1,pat_harami=100,0,0,0,0,100,0,0,0
2026-07-21 06:30:00,EURUSD,1.14111,1.14132,1.1411,1.14129,0.0,0,none,0,0,0,0,0,0,0,0
2026-07-21 06:45:00,EURUSD,1.14129,1.14154,1.14123,1.14124,-100.0,-1,pat_shooting_star=-100,0,0,0,-100,0,0,0,0
2026-07-21 07:00:00,EURUSD,1.14124,1.14152,1.14121,1.14149,100.0,1,pat_engulfing=100,100,0,0,0,0,0,0,0
2026-07-21 07:15:00,EURUSD,1.14149,1.14157,1.14145,1.14146,-100.0,-1,pat_shooting_star=-100,0,0,0,-100,0,0,0,0
2026-07-21 07:30:00,EURUSD,1.14148,1.14168,1.14147,1.14166,100.0,1,pat_marubozu=100,0,0,0,0,0,0,0,100
2026-07-21 07:45:00,EURUSD,1.14166,1.14182,1.14161,1.1418,0.0,0,none,0,0,0,0,0,0,0,0
2026-07-21 08:00:00,EURUSD,1.14178,1.14192,1.14158,1.14161,0.0,0,none,0,0,0,0,0,0,0,0
2026-07-21 08:15:00,EURUSD,1.14161,1.14177,1.14161,1.14173,100.0,1,pat_harami=100,0,0,0,0,100,0,0,0
2026-07-21 08:30:00,EURUSD,1.14173,1.14219,1.14173,1.14216,100.0,1,pat_marubozu=100,0,0,0,0,0,0,0,100
2026-07-21 08:45:00,EURUSD,1.14215,1.14216,1.14171,1.14178,0.0,0,none,0,0,0,0,0,0,0,0
2026-07-21 09:00:00,EURUSD,1.14174,1.14204,1.14174,1.14192,100.0,1,pat_harami=100,0,0,0,0,100,0,0,0
2026-07-21 09:15:00,EURUSD,1.14193,1.1422,1.14188,1.14201,0.0,0,none,0,0,0,0,0,0,0,0
2026-07-21 09:30:00,EURUSD,1.14204,1.14226,1.1419,1.1422,0.0,0,none,0,0,0,0,0,0,0,0
2026-07-21 09:45:00,EURUSD,1.14221,1.14237,1.142,1.14213,0.0,0,none,0,0,0,0,0,0,0,0
2026-07-21 10:00:00,EURUSD,1.14213,1.14268,1.14213,1.14221,100.0,1,pat_engulfing=100,100,0,0,0,0,0,0,0
2026-07-21 10:15:00,EURUSD,1.1422,1.14278,1.14219,1.14242,0.0,0,none,0,0,0,0,0,0,0,0
2026-07-21 10:30:00,EURUSD,1.14242,1.14252,1.1422,1.14226,-100.0,-1,pat_harami=-100,0,0,0,0,-100,0,0,0
2026-07-21 10:45:00,EURUSD,1.14225,1.14235,1.14205,1.14229,0.0,0,none,0,0,0,0,0,0,0,0
2026-07-21 11:00:00,EURUSD,1.14229,1.14239,1.1421,1.14231,100.0,1,pat_doji=100,0,100,0,0,0,0,0,0
2026-07-21 11:15:00,EURUSD,1.14232,1.14263,1.1422,1.14225,-100.0,-1,"pat_engulfing=-100,pat_shooting_star=-100",-100,0,0,-100,0,0,0,0
2026-07-21 11:30:00,EURUSD,1.14226,1.14234,1.14182,1.14232,100.0,1,pat_hammer=100,0,0,100,0,0,0,0,0
2026-07-21 11:45:00,EURUSD,1.14233,1.14236,1.14205,1.1421,-100.0,-1,pat_engulfing=-100,-100,0,0,0,0,0,0,0
2026-07-21 12:00:00,EURUSD,1.1421,1.14233,1.14205,1.14222,100.0,1,pat_harami=100,0,0,0,0,100,0,0,0
2026-07-21 12:15:00,EURUSD,1.14223,1.1425,1.14208,1.1421,-100.0,-1,"pat_engulfing=-100,pat_shooting_star=-100",-100,0,0,-100,0,0,0,0
2026-07-21 12:30:00,EURUSD,1.14209,1.14288,1.14203,1.14235,100.0,1,pat_engulfing=100,100,0,0,0,0,0,0,0
2026-07-21 12:45:00,EURUSD,1.14235,1.14255,1.14224,1.14225,-100.0,-1,pat_harami=-100,0,0,0,0,-100,0,0,0
2026-07-21 13:00:00,EURUSD,1.14219,1.14277,1.14217,1.14245,100.0,1,pat_engulfing=100,100,0,0,0,0,0,0,0
2026-07-21 13:15:00,EURUSD,1.14244,1.14276,1.1424,1.1427,0.0,0,none,0,0,0,0,0,0,0,0
2026-07-21 13:30:00,EURUSD,1.14269,1.14286,1.14242,1.14247,0.0,0,none,0,0,0,0,0,0,0,0
2026-07-21 13:45:00,EURUSD,1.14244,1.14245,1.142,1.14202,-100.0,-1,pat_marubozu=-100,0,0,0,0,0,0,0,-100
2026-07-21 14:00:00,EURUSD,1.14202,1.14212,1.14164,1.14197,0.0,0,none,0,0,0,0,0,0,0,0
2026-07-21 14:15:00,EURUSD,1.14198,1.14216,1.14183,1.14205,0.0,0,none,0,0,0,0,0,0,0,0
2026-07-21 14:30:00,EURUSD,1.14206,1.1423,1.142,1.14227,0.0,0,none,0,0,0,0,0,0,0,0
2026-07-21 14:45:00,EURUSD,1.14226,1.14226,1.14177,1.14191,0.0,0,none,0,0,0,0,0,0,0,0
2026-07-21 15:00:00,EURUSD,1.1419,1.14205,1.14159,1.14171,0.0,0,none,0,0,0,0,0,0,0,0
2026-07-21 15:15:00,EURUSD,1.14171,1.14178,1.14147,1.14156,0.0,0,none,0,0,0,0,0,0,0,0
2026-07-21 15:30:00,EURUSD,1.14156,1.14189,1.14136,1.14153,100.0,1,pat_doji=100,0,100,0,0,0,0,0,0
2026-07-21 15:45:00,EURUSD,1.14153,1.14185,1.14149,1.14173,100.0,1,"pat_engulfing=100,pat_harami=100",100,0,0,0,100,0,0,0
2026-07-21 16:00:00,EURUSD,1.14177,1.14181,1.14137,1.14167,0.0,0,none,0,0,0,0,0,0,0,0
2026-07-21 16:15:00,EURUSD,1.14167,1.14168,1.14095,1.14106,0.0,0,none,0,0,0,0,0,0,0,0
2026-07-21 16:30:00,EURUSD,1.14107,1.14136,1.14054,1.14065,0.0,0,none,0,0,0,0,0,0,0,0
2026-07-21 16:45:00,EURUSD,1.14065,1.14127,1.1406,1.14114,100.0,1,"pat_engulfing=100,pat_harami=100",100,0,0,0,100,0,0,0
2026-07-21 17:00:00,EURUSD,1.14115,1.14195,1.14113,1.14189,100.0,1,pat_marubozu=100,0,0,0,0,0,0,0,100
2026-07-21 17:15:00,EURUSD,1.14187,1.14187,1.14095,1.14101,-100.0,-1,pat_marubozu=-100,0,0,0,0,0,0,0,-100
2026-07-21 17:30:00,EURUSD,1.14099,1.14111,1.14037,1.1408,0.0,0,none,0,0,0,0,0,0,0,0
2026-07-21 17:45:00,EURUSD,1.14079,1.14087,1.14027,1.14059,0.0,0,none,0,0,0,0,0,0,0,0
2026-07-21 18:00:00,EURUSD,1.14058,1.14064,1.14027,1.14054,0.0,0,none,0,0,0,0,0,0,0,0
2026-07-21 18:15:00,EURUSD,1.14054,1.14116,1.14053,1.14089,100.0,1,pat_engulfing=100,100,0,0,0,0,0,0,0
2026-07-21 18:30:00,EURUSD,1.14088,1.14116,1.14057,1.14058,-100.0,-1,pat_harami=-100,0,0,0,0,-100,0,0,0
2026-07-21 18:45:00,EURUSD,1.14058,1.14075,1.14039,1.14072,0.0,0,none,0,0,0,0,0,0,0,0
2026-07-21 19:00:00,EURUSD,1.14073,1.14096,1.1407,1.1408,0.0,0,none,0,0,0,0,0,0,0,0
2026-07-21 19:15:00,EURUSD,1.14079,1.14091,1.14074,1.14083,0.0,0,none,0,0,0,0,0,0,0,0
2026-07-21 19:30:00,EURUSD,1.14083,1.1411,1.14069,1.141,0.0,0,none,0,0,0,0,0,0,0,0
2026-07-21 19:45:00,EURUSD,1.141,1.14101,1.14078,1.14081,-100.0,-1,"pat_engulfing=-100,pat_harami=-100",-100,0,0,0,-100,0,0,0
2026-07-21 20:00:00,EURUSD,1.14081,1.14094,1.14072,1.1409,0.0,0,none,0,0,0,0,0,0,0,0
2026-07-21 20:15:00,EURUSD,1.14089,1.14103,1.1408,1.14103,0.0,0,none,0,0,0,0,0,0,0,0
2026-07-21 20:30:00,EURUSD,1.14103,1.14107,1.1407,1.14078,-100.0,-1,pat_engulfing=-100,-100,0,0,0,0,0,0,0
2026-07-21 20:45:00,EURUSD,1.14077,1.14084,1.14062,1.14068,0.0,0,none,0,0,0,0,0,0,0,0
2026-07-21 21:00:00,EURUSD,1.14069,1.1407,1.14011,1.14017,-100.0,-1,pat_marubozu=-100,0,0,0,0,0,0,0,-100
2026-07-21 21:15:00,EURUSD,1.14017,1.14033,1.13986,1.14026,100.0,1,pat_hammer=100,0,0,100,0,0,0,0,0
2026-07-21 21:30:00,EURUSD,1.14025,1.14029,1.13991,1.14012,-100.0,-1,pat_harami=-100,0,0,0,0,-100,0,0,0
2026-07-21 21:45:00,EURUSD,1.14012,1.14031,1.14008,1.14028,100.0,1,pat_engulfing=100,100,0,0,0,0,0,0,0
2026-07-21 22:00:00,EURUSD,1.14029,1.14042,1.14009,1.14018,0.0,0,none,0,0,0,0,0,0,0,0
2026-07-21 22:15:00,EURUSD,1.14017,1.1404,1.14016,1.14032,100.0,1,"pat_engulfing=100,pat_harami=100",100,0,0,0,100,0,0,0
2026-07-21 22:30:00,EURUSD,1.14032,1.14034,1.14002,1.14012,-100.0,-1,pat_engulfing=-100,-100,0,0,0,0,0,0,0
2026-07-21 22:45:00,EURUSD,1.14011,1.1403,1.14008,1.14016,100.0,1,pat_harami=100,0,0,0,0,100,0,0,0
2026-07-21 23:00:00,EURUSD,1.14016,1.1403,1.14009,1.14011,-100.0,-1,"pat_engulfing=-100,pat_shooting_star=-100,pat_harami=-100",-100,0,0,-100,-100,0,0,0
2026-07-21 23:15:00,EURUSD,1.14011,1.14013,1.13996,1.14011,100.0,1,pat_doji=100,0,100,0,0,0,0,0,0
2026-07-21 23:30:00,EURUSD,1.14012,1.14013,1.14004,1.14008,0.0,0,none,0,0,0,0,0,0,0,0
2026-07-21 23:45:00,EURUSD,1.14008,1.14014,1.13972,1.13975,0.0,0,none,0,0,0,0,0,0,0,0
2026-07-22 00:00:00,EURUSD,1.13953,1.13976,1.13953,1.13967,0.0,0,none,0,0,0,0,0,0,0,0
2026-07-22 00:15:00,EURUSD,1.13966,1.13969,1.13966,1.13967,0.0,0,none,0,0,0,0,0,0,0,0
2026-07-22 00:30:00,EURUSD,1.13968,1.14003,1.13962,1.13995,0.0,0,none,0,0,0,0,0,0,0,0
2026-07-22 00:45:00,EURUSD,1.13995,1.14004,1.1399,1.13993,0.0,0,none,0,0,0,0,0,0,0,0
2026-07-22 01:00:00,EURUSD,1.14004,1.14004,1.13989,1.13991,-100.0,-1,pat_marubozu=-100,0,0,0,0,0,0,0,-100
2026-07-22 01:15:00,EURUSD,1.13991,1.14005,1.13989,1.14001,0.0,0,none,0,0,0,0,0,0,0,0
2026-07-22 01:30:00,EURUSD,1.14001,1.14005,1.13994,1.14001,100.0,1,pat_doji=100,0,100,0,0,0,0,0,0
2026-07-22 01:45:00,EURUSD,1.14001,1.14003,1.13991,1.13992,0.0,0,none,0,0,0,0,0,0,0,0
2026-07-22 02:00:00,EURUSD,1.13992,1.13996,1.13978,1.13991,100.0,1,pat_doji=100,0,100,0,0,0,0,0,0
2026-07-22 02:15:00,EURUSD,1.13992,1.13997,1.13987,1.13991,0.0,0,none,0,0,0,0,0,0,0,0
2026-07-22 02:30:00,EURUSD,1.13992,1.14008,1.13992,1.14007,100.0,1,pat_marubozu=100,0,0,0,0,0,0,0,100
2026-07-22 02:45:00,EURUSD,1.14006,1.14024,1.14,1.14022,0.0,0,none,0,0,0,0,0,0,0,0
2026-07-22 03:00:00,EURUSD,1.14022,1.14041,1.14011,1.14038,0.0,0,none,0,0,0,0,0,0,0,0
2026-07-22 03:15:00,EURUSD,1.14039,1.14073,1.14034,1.14067,0.0,0,none,0,0,0,0,0,0,0,0
2026-07-22 03:30:00,EURUSD,1.14068,1.14072,1.14026,1.14034,-100.0,-1,pat_engulfing=-100,-100,0,0,0,0,0,0,0
2026-07-22 03:45:00,EURUSD,1.14034,1.14044,1.14016,1.1404,100.0,1,pat_hammer=100,0,0,100,0,0,0,0,0
2026-07-22 04:00:00,EURUSD,1.14041,1.14067,1.14039,1.14058,0.0,0,none,0,0,0,0,0,0,0,0
2026-07-22 04:15:00,EURUSD,1.14057,1.14063,1.14023,1.14035,0.0,0,none,0,0,0,0,0,0,0,0
2026-07-22 04:30:00,EURUSD,1.14035,1.14038,1.13989,1.14011,0.0,0,none,0,0,0,0,0,0,0,0
2026-07-22 04:45:00,EURUSD,1.14011,1.1403,1.1401,1.14029,100.0,1,"pat_harami=100,pat_marubozu=100",0,0,0,0,100,0,0,100
2026-07-22 05:00:00,EURUSD,1.14029,1.1405,1.14011,1.14046,0.0,0,none,0,0,0,0,0,0,0,0
2026-07-22 05:15:00,EURUSD,1.14045,1.141,1.14039,1.14078,0.0,0,none,0,0,0,0,0,0,0,0
2026-07-22 05:30:00,EURUSD,1.14077,1.14083,1.14063,1.14072,-100.0,-1,pat_harami=-100,0,0,0,0,-100,0,0,0
2026-07-22 05:45:00,EURUSD,1.14072,1.14086,1.14054,1.14056,0.0,0,none,0,0,0,0,0,0,0,0
2026-07-22 06:00:00,EURUSD,1.14054,1.14074,1.14041,1.14056,100.0,1,pat_doji=100,0,100,0,0,0,0,0,0
2026-07-22 06:15:00,EURUSD,1.14056,1.14079,1.14056,1.14076,100.0,1,pat_marubozu=100,0,0,0,0,0,0,0,100
2026-07-22 06:30:00,EURUSD,1.14076,1.14078,1.14058,1.14062,-100.0,-1,pat_harami=-100,0,0,0,0,-100,0,0,0
2026-07-22 06:45:00,EURUSD,1.14063,1.14075,1.14057,1.14074,0.0,0,none,0,0,0,0,0,0,0,0
2026-07-22 07:00:00,EURUSD,1.14073,1.14074,1.14049,1.14058,0.0,0,none,0,0,0,0,0,0,0,0
2026-07-22 07:15:00,EURUSD,1.14058,1.14074,1.14057,1.14074,100.0,1,"pat_engulfing=100,pat_harami=100,pat_marubozu=100",100,0,0,0,100,0,0,100
2026-07-22 07:30:00,EURUSD,1.14073,1.14086,1.1407,1.14083,0.0,0,none,0,0,0,0,0,0,0,0
2026-07-22 07:45:00,EURUSD,1.14083,1.14084,1.14073,1.14084,100.0,1,"pat_doji=100,pat_hammer=100",0,100,100,0,0,0,0,0
2026-07-22 08:00:00,EURUSD,1.14084,1.14094,1.14076,1.14081,-100.0,-1,pat_engulfing=-100,-100,0,0,0,0,0,0,0
2026-07-22 08:15:00,EURUSD,1.14081,1.14095,1.14071,1.14072,0.0,0,none,0,0,0,0,0,0,0,0
2026-07-22 08:30:00,EURUSD,1.14071,1.14076,1.14055,1.14074,100.0,1,pat_hammer=100,0,0,100,0,0,0,0,0
2026-07-22 08:45:00,EURUSD,1.14073,1.14096,1.14061,1.14095,0.0,0,none,0,0,0,0,0,0,0,0
2026-07-22 09:00:00,EURUSD,1.14094,1.14138,1.14088,1.14112,0.0,0,none,0,0,0,0,0,0,0,0
2026-07-22 09:15:00,EURUSD,1.1411,1.14122,1.14074,1.14084,0.0,0,none,0,0,0,0,0,0,0,0
2026-07-22 09:30:00,EURUSD,1.14086,1.14117,1.1407,1.14112,0.0,0,none,0,0,0,0,0,0,0,0
2026-07-22 09:45:00,EURUSD,1.14112,1.14123,1.14082,1.14122,100.0,1,pat_hammer=100,0,0,100,0,0,0,0,0
2026-07-22 10:00:00,EURUSD,1.14121,1.14131,1.14087,1.14125,100.0,1,pat_doji=100,0,100,0,0,0,0,0,0
2026-07-22 10:15:00,EURUSD,1.14125,1.14152,1.14107,1.14131,0.0,0,none,0,0,0,0,0,0,0,0
2026-07-22 10:30:00,EURUSD,1.1413,1.14183,1.14057,1.14066,0.0,0,none,0,0,0,0,0,0,0,0
2026-07-22 10:45:00,EURUSD,1.14065,1.14112,1.14034,1.14094,0.0,0,none,0,0,0,0,0,0,0,0
2026-07-22 11:00:00,EURUSD,1.14094,1.14104,1.14052,1.14052,-100.0,-1,"pat_engulfing=-100,pat_harami=-100",-100,0,0,0,-100,0,0,0
2026-07-22 11:15:00,EURUSD,1.14052,1.14097,1.14039,1.14083,0.0,0,none,0,0,0,0,0,0,0,0
2026-07-22 11:30:00,EURUSD,1.14084,1.14126,1.14084,1.14115,0.0,0,none,0,0,0,0,0,0,0,0
2026-07-22 11:45:00,EURUSD,1.14115,1.14122,1.14082,1.14101,0.0,0,none,0,0,0,0,0,0,0,0
2026-07-22 12:00:00,EURUSD,1.141,1.14124,1.14082,1.14096,100.0,1,pat_doji=100,0,100,0,0,0,0,0,0
2026-07-22 12:15:00,EURUSD,1.14096,1.14101,1.14076,1.14092,0.0,0,none,0,0,0,0,0,0,0,0
2026-07-22 12:30:00,EURUSD,1.14092,1.14134,1.14084,1.14087,0.0,0,"pat_doji=100,pat_shooting_star=-100",0,100,0,-100,0,0,0,0
2026-07-22 12:45:00,EURUSD,1.14088,1.14094,1.14042,1.14048,0.0,0,none,0,0,0,0,0,0,0,0
2026-07-22 13:00:00,EURUSD,1.14047,1.14059,1.14004,1.14029,0.0,0,none,0,0,0,0,0,0,0,0
2026-07-22 13:15:00,EURUSD,1.14029,1.14077,1.14021,1.14052,100.0,1,pat_engulfing=100,100,0,0,0,0,0,0,0
2026-07-22 13:30:00,EURUSD,1.14052,1.14062,1.14035,1.14052,100.0,1,pat_doji=100,0,100,0,0,0,0,0,0
2026-07-22 13:45:00,EURUSD,1.14052,1.1407,1.14028,1.14036,0.0,0,none,0,0,0,0,0,0,0,0
2026-07-22 14:00:00,EURUSD,1.14035,1.1405,1.14024,1.14046,0.0,0,none,0,0,0,0,0,0,0,0
2026-07-22 14:15:00,EURUSD,1.14045,1.14065,1.14025,1.1404,0.0,0,none,0,0,0,0,0,0,0,0
2026-07-22 14:30:00,EURUSD,1.14041,1.14066,1.14034,1.14052,0.0,0,none,0,0,0,0,0,0,0,0
2026-07-22 14:45:00,EURUSD,1.14051,1.14075,1.14038,1.14069,0.0,0,none,0,0,0,0,0,0,0,0
2026-07-22 15:00:00,EURUSD,1.1407,1.14113,1.14066,1.14112,100.0,1,pat_marubozu=100,0,0,0,0,0,0,0,100
2026-07-22 15:15:00,EURUSD,1.14113,1.14117,1.1409,1.14102,0.0,0,none,0,0,0,0,0,0,0,0
2026-07-22 15:30:00,EURUSD,1.14103,1.14138,1.14101,1.14113,0.0,0,none,0,0,0,0,0,0,0,0
2026-07-22 15:45:00,EURUSD,1.14114,1.14114,1.14039,1.14078,-100.0,-1,pat_engulfing=-100,-100,0,0,0,0,0,0,0
2026-07-22 16:00:00,EURUSD,1.14078,1.14126,1.14072,1.14101,0.0,0,none,0,0,0,0,0,0,0,0
2026-07-22 16:15:00,EURUSD,1.14101,1.14169,1.14089,1.14152,0.0,0,none,0,0,0,0,0,0,0,0
2026-07-22 16:30:00,EURUSD,1.14153,1.14217,1.14153,1.14178,0.0,0,none,0,0,0,0,0,0,0,0
2026-07-22 16:45:00,EURUSD,1.14179,1.14186,1.14118,1.14135,-100.0,-1,pat_engulfing=-100,-100,0,0,0,0,0,0,0
2026-07-22 17:00:00,EURUSD,1.14135,1.14177,1.14105,1.14165,0.0,0,none,0,0,0,0,0,0,0,0
2026-07-22 17:15:00,EURUSD,1.14165,1.14186,1.14108,1.14114,-100.0,-1,pat_engulfing=-100,-100,0,0,0,0,0,0,0
2026-07-22 17:30:00,EURUSD,1.14114,1.14134,1.14098,1.14112,100.0,1,pat_doji=100,0,100,0,0,0,0,0,0
2026-07-22 17:45:00,EURUSD,1.14112,1.14132,1.14078,1.14093,0.0,0,none,0,0,0,0,0,0,0,0
2026-07-22 18:00:00,EURUSD,1.14094,1.14115,1.14083,1.141,100.0,1,pat_harami=100,0,0,0,0,100,0,0,0
2026-07-22 18:15:00,EURUSD,1.14099,1.14139,1.14083,1.14137,0.0,0,none,0,0,0,0,0,0,0,0
2026-07-22 18:30:00,EURUSD,1.14137,1.14139,1.14075,1.14101,0.0,0,none,0,0,0,0,0,0,0,0
2026-07-22 18:45:00,EURUSD,1.14101,1.1414,1.14096,1.14138,100.0,1,pat_engulfing=100,100,0,0,0,0,0,0,0
2026-07-22 19:00:00,EURUSD,1.14139,1.14142,1.14062,1.14073,-100.0,-1,pat_engulfing=-100,-100,0,0,0,0,0,0,0
2026-07-22 19:15:00,EURUSD,1.14074,1.14119,1.14062,1.14109,100.0,1,pat_harami=100,0,0,0,0,100,0,0,0
2026-07-22 19:30:00,EURUSD,1.1411,1.14123,1.14076,1.14088,0.0,0,none,0,0,0,0,0,0,0,0
2026-07-22 19:45:00,EURUSD,1.14088,1.141,1.14076,1.14094,100.0,1,pat_harami=100,0,0,0,0,100,0,0,0
2026-07-22 20:00:00,EURUSD,1.14093,1.14126,1.14088,1.14115,0.0,0,none,0,0,0,0,0,0,0,0
2026-07-22 20:15:00,EURUSD,1.14115,1.14128,1.14107,1.14115,100.0,1,pat_doji=100,0,100,0,0,0,0,0,0
2026-07-22 20:30:00,EURUSD,1.14114,1.14116,1.1408,1.14099,0.0,0,none,0,0,0,0,0,0,0,0
2026-07-22 20:45:00,EURUSD,1.14099,1.14113,1.14089,1.141,100.0,1,"pat_doji=100,pat_harami=100",0,100,0,0,100,0,0,0
2026-07-22 21:00:00,EURUSD,1.141,1.14107,1.14081,1.14089,-100.0,-1,pat_engulfing=-100,-100,0,0,0,0,0,0,0
2026-07-22 21:15:00,EURUSD,1.14089,1.14107,1.14084,1.14104,100.0,1,"pat_engulfing=100,pat_harami=100",100,0,0,0,100,0,0,0
2026-07-22 21:30:00,EURUSD,1.14104,1.14111,1.14089,1.14092,0.0,0,none,0,0,0,0,0,0,0,0
2026-07-22 21:45:00,EURUSD,1.14093,1.14113,1.14092,1.14109,0.0,0,none,0,0,0,0,0,0,0,0
2026-07-22 22:00:00,EURUSD,1.1411,1.14123,1.14097,1.14098,0.0,0,none,0,0,0,0,0,0,0,0
2026-07-22 22:15:00,EURUSD,1.14098,1.14119,1.14097,1.14111,100.0,1,"pat_engulfing=100,pat_harami=100",100,0,0,0,100,0,0,0
2026-07-22 22:30:00,EURUSD,1.1411,1.14114,1.14103,1.14112,0.0,0,none,0,0,0,0,0,0,0,0
2026-07-22 22:45:00,EURUSD,1.14114,1.14121,1.14092,1.14113,100.0,1,pat_doji=100,0,100,0,0,0,0,0,0
2026-07-22 23:00:00,EURUSD,1.14114,1.14127,1.14105,1.14118,0.0,0,none,0,0,0,0,0,0,0,0
2026-07-22 23:15:00,EURUSD,1.14117,1.14126,1.14115,1.14117,100.0,1,pat_doji=100,0,100,0,0,0,0,0,0
2026-07-22 23:30:00,EURUSD,1.14117,1.14126,1.14107,1.14123,0.0,0,none,0,0,0,0,0,0,0,0
2026-07-22 23:45:00,EURUSD,1.14123,1.14125,1.14113,1.14118,-100.0,-1,pat_harami=-100,0,0,0,0,-100,0,0,0
2026-07-23 00:00:00,EURUSD,1.14066,1.14073,1.14062,1.14072,0.0,0,none,0,0,0,0,0,0,0,0
2026-07-23 00:15:00,EURUSD,1.14068,1.14077,1.14048,1.14062,0.0,0,none,0,0,0,0,0,0,0,0
2026-07-23 00:30:00,EURUSD,1.14062,1.14071,1.14053,1.14064,100.0,1,pat_harami=100,0,0,0,0,100,0,0,0
2026-07-23 00:45:00,EURUSD,1.14064,1.14074,1.14053,1.14071,0.0,0,none,0,0,0,0,0,0,0,0
2026-07-23 01:00:00,EURUSD,1.14079,1.14093,1.14072,1.14076,0.0,0,none,0,0,0,0,0,0,0,0
2026-07-23 01:15:00,EURUSD,1.14077,1.14082,1.14073,1.14077,100.0,1,pat_doji=100,0,100,0,0,0,0,0,0
2026-07-23 01:30:00,EURUSD,1.14077,1.14081,1.1406,1.14065,0.0,0,none,0,0,0,0,0,0,0,0
2026-07-20 23:45:00,USDJPY,162.529,162.53,162.498,162.499,-100.0,-1,"pat_engulfing=-100,pat_marubozu=-100",-100,0,0,0,0,0,0,-100
2026-07-21 00:00:00,USDJPY,162.451,162.489,162.45,162.485,100.0,1,pat_marubozu=100,0,0,0,0,0,0,0,100
2026-07-21 00:15:00,USDJPY,162.485,162.507,162.484,162.504,0.0,0,none,0,0,0,0,0,0,0,0
2026-07-21 00:30:00,USDJPY,162.504,162.504,162.474,162.49,0.0,0,none,0,0,0,0,0,0,0,0
2026-07-21 00:45:00,USDJPY,162.49,162.491,162.476,162.484,0.0,0,none,0,0,0,0,0,0,0,0
2026-07-21 01:00:00,USDJPY,162.487,162.509,162.481,162.502,0.0,0,none,0,0,0,0,0,0,0,0
2026-07-21 01:15:00,USDJPY,162.502,162.504,162.484,162.493,-100.0,-1,pat_harami=-100,0,0,0,0,-100,0,0,0
2026-07-21 01:30:00,USDJPY,162.493,162.515,162.489,162.506,100.0,1,pat_engulfing=100,100,0,0,0,0,0,0,0
2026-07-21 01:45:00,USDJPY,162.506,162.506,162.484,162.501,0.0,0,none,0,0,0,0,0,0,0,0
2026-07-21 02:00:00,USDJPY,162.503,162.509,162.489,162.504,100.0,1,pat_doji=100,0,100,0,0,0,0,0,0
2026-07-21 02:15:00,USDJPY,162.504,162.509,162.491,162.503,-53.333333333333336,-1,"pat_engulfing=-100,pat_doji=100,pat_harami=-100",-100,100,0,0,-100,0,0,0
2026-07-21 02:30:00,USDJPY,162.503,162.509,162.496,162.498,0.0,0,none,0,0,0,0,0,0,0,0
2026-07-21 02:45:00,USDJPY,162.499,162.507,162.484,162.485,0.0,0,none,0,0,0,0,0,0,0,0
2026-07-21 03:00:00,USDJPY,162.485,162.493,162.445,162.485,100.0,1,pat_doji=100,0,100,0,0,0,0,0,0
2026-07-21 03:15:00,USDJPY,162.484,162.512,162.479,162.51,0.0,0,none,0,0,0,0,0,0,0,0
2026-07-21 03:30:00,USDJPY,162.511,162.536,162.507,162.509,0.0,0,"pat_doji=100,pat_shooting_star=-100",0,100,0,-100,0,0,0,0
2026-07-21 03:45:00,USDJPY,162.51,162.535,162.483,162.535,0.0,0,none,0,0,0,0,0,0,0,0
2026-07-21 04:00:00,USDJPY,162.536,162.537,162.496,162.51,-100.0,-1,pat_engulfing=-100,-100,0,0,0,0,0,0,0
2026-07-21 04:15:00,USDJPY,162.509,162.517,162.43,162.481,0.0,0,none,0,0,0,0,0,0,0,0
2026-07-21 04:30:00,USDJPY,162.485,162.525,162.457,162.504,0.0,0,none,0,0,0,0,0,0,0,0
2026-07-21 04:45:00,USDJPY,162.502,162.524,162.495,162.506,0.0,0,none,0,0,0,0,0,0,0,0
2026-07-21 05:00:00,USDJPY,162.507,162.526,162.498,162.511,0.0,0,none,0,0,0,0,0,0,0,0
2026-07-21 05:15:00,USDJPY,162.511,162.515,162.488,162.502,-100.0,-1,pat_engulfing=-100,-100,0,0,0,0,0,0,0
2026-07-21 05:30:00,USDJPY,162.501,162.503,162.485,162.495,0.0,0,none,0,0,0,0,0,0,0,0
2026-07-21 05:45:00,USDJPY,162.495,162.501,162.482,162.493,0.0,0,none,0,0,0,0,0,0,0,0
2026-07-21 06:00:00,USDJPY,162.493,162.516,162.484,162.511,100.0,1,pat_engulfing=100,100,0,0,0,0,0,0,0
2026-07-21 06:15:00,USDJPY,162.51,162.514,162.49,162.496,-100.0,-1,pat_harami=-100,0,0,0,0,-100,0,0,0
2026-07-21 06:30:00,USDJPY,162.495,162.502,162.473,162.475,0.0,0,none,0,0,0,0,0,0,0,0
2026-07-21 06:45:00,USDJPY,162.474,162.487,162.454,162.485,0.0,0,none,0,0,0,0,0,0,0,0
2026-07-21 07:00:00,USDJPY,162.485,162.492,162.472,162.478,0.0,0,none,0,0,0,0,0,0,0,0
2026-07-21 07:15:00,USDJPY,162.478,162.488,162.473,162.482,100.0,1,pat_harami=100,0,0,0,0,100,0,0,0
2026-07-21 07:30:00,USDJPY,162.482,162.5,162.476,162.489,0.0,0,none,0,0,0,0,0,0,0,0
2026-07-21 07:45:00,USDJPY,162.488,162.497,162.485,162.488,100.0,1,pat_doji=100,0,100,0,0,0,0,0,0
2026-07-21 08:00:00,USDJPY,162.486,162.515,162.485,162.511,0.0,0,none,0,0,0,0,0,0,0,0
2026-07-21 08:15:00,USDJPY,162.511,162.527,162.507,162.512,100.0,1,pat_doji=100,0,100,0,0,0,0,0,0
2026-07-21 08:30:00,USDJPY,162.513,162.514,162.47,162.475,-100.0,-1,"pat_engulfing=-100,pat_marubozu=-100",-100,0,0,0,0,0,0,-100
2026-07-21 08:45:00,USDJPY,162.475,162.52,162.47,162.504,0.0,0,none,0,0,0,0,0,0,0,0
2026-07-21 09:00:00,USDJPY,162.505,162.529,162.487,162.523,0.0,0,none,0,0,0,0,0,0,0,0
2026-07-21 09:15:00,USDJPY,162.523,162.53,162.51,162.525,0.0,0,none,0,0,0,0,0,0,0,0
2026-07-21 09:30:00,USDJPY,162.526,162.553,162.52,162.55,0.0,0,none,0,0,0,0,0,0,0,0
2026-07-21 09:45:00,USDJPY,162.548,162.559,162.515,162.527,0.0,0,none,0,0,0,0,0,0,0,0
2026-07-21 10:00:00,USDJPY,162.526,162.565,162.522,162.561,100.0,1,pat_engulfing=100,100,0,0,0,0,0,0,0
2026-07-21 10:15:00,USDJPY,162.563,162.59,162.546,162.59,0.0,0,none,0,0,0,0,0,0,0,0
2026-07-21 10:30:00,USDJPY,162.589,162.602,162.552,162.586,100.0,1,pat_doji=100,0,100,0,0,0,0,0,0
2026-07-21 10:45:00,USDJPY,162.587,162.62,162.58,162.603,0.0,0,none,0,0,0,0,0,0,0,0
2026-07-21 11:00:00,USDJPY,162.601,162.648,162.586,162.643,0.0,0,none,0,0,0,0,0,0,0,0
2026-07-21 11:15:00,USDJPY,162.643,162.679,162.639,162.674,0.0,0,none,0,0,0,0,0,0,0,0
2026-07-21 11:30:00,USDJPY,162.673,162.698,162.671,162.68,0.0,0,none,0,0,0,0,0,0,0,0
2026-07-21 11:45:00,USDJPY,162.68,162.699,162.677,162.687,0.0,0,none,0,0,0,0,0,0,0,0
2026-07-21 12:00:00,USDJPY,162.688,162.697,162.669,162.696,100.0,1,pat_hammer=100,0,0,100,0,0,0,0,0
2026-07-21 12:15:00,USDJPY,162.697,162.698,162.605,162.681,-100.0,-1,pat_engulfing=-100,-100,0,0,0,0,0,0,0
2026-07-21 12:30:00,USDJPY,162.681,162.692,162.654,162.671,0.0,0,none,0,0,0,0,0,0,0,0
2026-07-21 12:45:00,USDJPY,162.672,162.685,162.656,162.671,100.0,1,pat_doji=100,0,100,0,0,0,0,0,0
2026-07-21 13:00:00,USDJPY,162.671,162.686,162.638,162.674,100.0,1,"pat_engulfing=100,pat_doji=100",100,100,0,0,0,0,0,0
2026-07-21 13:15:00,USDJPY,162.674,162.679,162.646,162.653,-100.0,-1,"pat_engulfing=-100,pat_harami=-100",-100,0,0,0,-100,0,0,0
2026-07-21 13:30:00,USDJPY,162.654,162.694,162.648,162.69,0.0,0,none,0,0,0,0,0,0,0,0
2026-07-21 13:45:00,USDJPY,162.69,162.698,162.659,162.668,0.0,0,none,0,0,0,0,0,0,0,0
2026-07-21 14:00:00,USDJPY,162.666,162.735,162.659,162.724,100.0,1,pat_engulfing=100,100,0,0,0,0,0,0,0
2026-07-21 14:15:00,USDJPY,162.724,162.748,162.721,162.74,0.0,0,none,0,0,0,0,0,0,0,0
2026-07-21 14:30:00,USDJPY,162.741,162.749,162.728,162.737,0.0,0,none,0,0,0,0,0,0,0,0
2026-07-21 14:45:00,USDJPY,162.737,162.75,162.727,162.732,0.0,0,none,0,0,0,0,0,0,0,0
2026-07-21 15:00:00,USDJPY,162.729,162.751,162.719,162.74,100.0,1,pat_engulfing=100,100,0,0,0,0,0,0,0
2026-07-21 15:15:00,USDJPY,162.739,162.797,162.735,162.788,0.0,0,none,0,0,0,0,0,0,0,0
2026-07-21 15:30:00,USDJPY,162.788,162.802,162.774,162.788,100.0,1,pat_doji=100,0,100,0,0,0,0,0,0
2026-07-21 15:45:00,USDJPY,162.787,162.788,162.695,162.726,0.0,0,none,0,0,0,0,0,0,0,0
2026-07-21 16:00:00,USDJPY,162.725,162.769,162.723,162.754,100.0,1,pat_harami=100,0,0,0,0,100,0,0,0
2026-07-21 16:15:00,USDJPY,162.753,162.806,162.752,162.797,0.0,0,none,0,0,0,0,0,0,0,0
2026-07-21 16:30:00,USDJPY,162.797,162.836,162.77,162.83,0.0,0,none,0,0,0,0,0,0,0,0
2026-07-21 16:45:00,USDJPY,162.831,162.892,162.797,162.867,0.0,0,none,0,0,0,0,0,0,0,0
2026-07-21 17:00:00,USDJPY,162.868,162.928,162.858,162.896,0.0,0,none,0,0,0,0,0,0,0,0
2026-07-21 17:15:00,USDJPY,162.896,162.951,162.896,162.951,100.0,1,pat_marubozu=100,0,0,0,0,0,0,0,100
2026-07-21 17:30:00,USDJPY,162.95,162.988,162.924,162.965,0.0,0,none,0,0,0,0,0,0,0,0
2026-07-21 17:45:00,USDJPY,162.965,163.041,162.901,163.018,0.0,0,none,0,0,0,0,0,0,0,0
2026-07-21 18:00:00,USDJPY,163.02,163.02,162.958,162.963,-100.0,-1,"pat_engulfing=-100,pat_harami=-100,pat_marubozu=-100",-100,0,0,0,-100,0,0,-100
2026-07-21 18:15:00,USDJPY,162.964,162.967,162.914,162.966,100.0,1,"pat_doji=100,pat_hammer=100",0,100,100,0,0,0,0,0
2026-07-21 18:30:00,USDJPY,162.965,163.017,162.953,163.015,0.0,0,none,0,0,0,0,0,0,0,0
2026-07-21 18:45:00,USDJPY,163.014,163.04,163.006,163.017,100.0,1,pat_doji=100,0,100,0,0,0,0,0,0
2026-07-21 19:00:00,USDJPY,163.015,163.029,163.001,163.019,0.0,0,none,0,0,0,0,0,0,0,0
2026-07-21 19:15:00,USDJPY,163.019,163.032,162.986,163.0,-100.0,-1,pat_engulfing=-100,-100,0,0,0,0,0,0,0
2026-07-21 19:30:00,USDJPY,163.001,163.006,162.961,162.966,0.0,0,none,0,0,0,0,0,0,0,0
2026-07-21 19:45:00,USDJPY,162.967,163.01,162.96,163.008,0.0,0,none,0,0,0,0,0,0,0,0
2026-07-21 20:00:00,USDJPY,163.008,163.02,162.977,163.018,100.0,1,pat_hammer=100,0,0,100,0,0,0,0,0
2026-07-21 20:15:00,USDJPY,163.018,163.019,162.975,162.98,-100.0,-1,"pat_engulfing=-100,pat_marubozu=-100",-100,0,0,0,0,0,0,-100
2026-07-21 20:30:00,USDJPY,162.981,163.017,162.98,163.009,100.0,1,pat_harami=100,0,0,0,0,100,0,0,0
2026-07-21 20:45:00,USDJPY,163.009,163.033,163.006,163.029,0.0,0,none,0,0,0,0,0,0,0,0
2026-07-21 21:00:00,USDJPY,163.029,163.219,163.027,163.14,0.0,0,none,0,0,0,0,0,0,0,0
2026-07-21 21:15:00,USDJPY,163.141,163.181,163.129,163.155,0.0,0,none,0,0,0,0,0,0,0,0
2026-07-21 21:30:00,USDJPY,163.156,163.232,163.147,163.228,0.0,0,none,0,0,0,0,0,0,0,0
2026-07-21 21:45:00,USDJPY,163.229,163.236,163.177,163.187,0.0,0,none,0,0,0,0,0,0,0,0
2026-07-21 22:00:00,USDJPY,163.188,163.221,163.162,163.216,0.0,0,none,0,0,0,0,0,0,0,0
2026-07-21 22:15:00,USDJPY,163.214,163.217,163.161,163.173,0.0,0,none,0,0,0,0,0,0,0,0
2026-07-21 22:30:00,USDJPY,163.172,163.206,163.161,163.201,100.0,1,pat_harami=100,0,0,0,0,100,0,0,0
2026-07-21 22:45:00,USDJPY,163.2,163.212,163.186,163.208,0.0,0,none,0,0,0,0,0,0,0,0
2026-07-21 23:00:00,USDJPY,163.207,163.228,163.199,163.225,0.0,0,none,0,0,0,0,0,0,0,0
2026-07-21 23:15:00,USDJPY,163.226,163.241,163.225,163.232,0.0,0,none,0,0,0,0,0,0,0,0
2026-07-21 23:30:00,USDJPY,163.231,163.235,163.2,163.214,0.0,0,none,0,0,0,0,0,0,0,0
2026-07-21 23:45:00,USDJPY,163.215,163.216,163.188,163.192,0.0,0,none,0,0,0,0,0,0,0,0
2026-07-22 00:00:00,USDJPY,163.152,163.173,163.125,163.141,0.0,0,none,0,0,0,0,0,0,0,0
2026-07-22 00:15:00,USDJPY,163.142,163.181,163.138,163.175,0.0,0,none,0,0,0,0,0,0,0,0
2026-07-22 00:30:00,USDJPY,163.175,163.181,163.148,163.153,-100.0,-1,pat_harami=-100,0,0,0,0,-100,0,0,0
2026-07-22 00:45:00,USDJPY,163.152,163.158,163.148,163.156,100.0,1,pat_harami=100,0,0,0,0,100,0,0,0
2026-07-22 01:00:00,USDJPY,163.156,163.189,163.156,163.186,100.0,1,pat_marubozu=100,0,0,0,0,0,0,0,100
2026-07-22 01:15:00,USDJPY,163.186,163.192,163.177,163.19,100.0,1,pat_hammer=100,0,0,100,0,0,0,0,0
2026-07-22 01:30:00,USDJPY,163.19,163.196,163.177,163.194,100.0,1,pat_hammer=100,0,0,100,0,0,0,0,0
2026-07-22 01:45:00,USDJPY,163.193,163.208,163.187,163.204,0.0,0,none,0,0,0,0,0,0,0,0
2026-07-22 02:00:00,USDJPY,163.206,163.22,163.198,163.207,100.0,1,pat_doji=100,0,100,0,0,0,0,0,0
2026-07-22 02:15:00,USDJPY,163.207,163.225,163.201,163.206,0.0,0,"pat_engulfing=-100,pat_doji=100",-100,100,0,0,0,0,0,0
2026-07-22 02:30:00,USDJPY,163.206,163.222,163.201,163.214,100.0,1,"pat_engulfing=100,pat_harami=100",100,0,0,0,100,0,0,0
2026-07-22 02:45:00,USDJPY,163.215,163.221,163.186,163.189,-100.0,-1,pat_engulfing=-100,-100,0,0,0,0,0,0,0
2026-07-22 03:00:00,USDJPY,163.188,163.204,163.101,163.112,0.0,0,none,0,0,0,0,0,0,0,0
2026-07-22 03:15:00,USDJPY,163.112,163.128,163.027,163.063,0.0,0,none,0,0,0,0,0,0,0,0
2026-07-22 03:30:00,USDJPY,163.062,163.145,163.047,163.118,100.0,1,pat_engulfing=100,100,0,0,0,0,0,0,0
2026-07-22 03:45:00,USDJPY,163.118,163.178,163.104,163.139,0.0,0,none,0,0,0,0,0,0,0,0
2026-07-22 04:00:00,USDJPY,163.138,163.159,163.102,163.138,100.0,1,pat_doji=100,0,100,0,0,0,0,0,0
2026-07-22 04:15:00,USDJPY,163.138,163.186,163.135,163.168,0.0,0,none,0,0,0,0,0,0,0,0
2026-07-22 04:30:00,USDJPY,163.167,163.203,163.166,163.179,0.0,0,none,0,0,0,0,0,0,0,0
2026-07-22 04:45:00,USDJPY,163.179,163.181,163.148,163.15,-100.0,-1,"pat_engulfing=-100,pat_marubozu=-100",-100,0,0,0,0,0,0,-100
2026-07-22 05:00:00,USDJPY,163.152,163.177,163.148,163.167,100.0,1,pat_harami=100,0,0,0,0,100,0,0,0
2026-07-22 05:15:00,USDJPY,163.167,163.168,163.07,163.098,-100.0,-1,pat_engulfing=-100,-100,0,0,0,0,0,0,0
2026-07-22 05:30:00,USDJPY,163.098,163.112,163.083,163.1,100.0,1,"pat_doji=100,pat_harami=100",0,100,0,0,100,0,0,0
2026-07-22 05:45:00,USDJPY,163.101,163.131,163.09,163.117,0.0,0,none,0,0,0,0,0,0,0,0
2026-07-22 06:00:00,USDJPY,163.118,163.156,163.112,163.144,0.0,0,none,0,0,0,0,0,0,0,0
2026-07-22 06:15:00,USDJPY,163.145,163.157,163.131,163.132,0.0,0,none,0,0,0,0,0,0,0,0
2026-07-22 06:30:00,USDJPY,163.132,163.145,163.114,163.138,0.0,0,none,0,0,0,0,0,0,0,0
2026-07-22 06:45:00,USDJPY,163.138,163.169,163.135,163.158,0.0,0,none,0,0,0,0,0,0,0,0
2026-07-22 07:00:00,USDJPY,163.158,163.195,163.15,163.191,0.0,0,none,0,0,0,0,0,0,0,0
2026-07-22 07:15:00,USDJPY,163.19,163.197,163.175,163.179,0.0,0,none,0,0,0,0,0,0,0,0
2026-07-22 07:30:00,USDJPY,163.18,163.184,163.151,163.152,0.0,0,none,0,0,0,0,0,0,0,0
2026-07-22 07:45:00,USDJPY,163.152,163.184,163.15,163.174,0.0,0,none,0,0,0,0,0,0,0,0
2026-07-22 08:00:00,USDJPY,163.174,163.178,163.154,163.16,-100.0,-1,pat_harami=-100,0,0,0,0,-100,0,0,0
2026-07-22 08:15:00,USDJPY,163.16,163.172,163.151,163.17,0.0,0,none,0,0,0,0,0,0,0,0
2026-07-22 08:30:00,USDJPY,163.17,163.19,163.143,163.147,-100.0,-1,pat_engulfing=-100,-100,0,0,0,0,0,0,0
2026-07-22 08:45:00,USDJPY,163.147,163.167,163.08,163.086,0.0,0,none,0,0,0,0,0,0,0,0
2026-07-22 09:00:00,USDJPY,163.086,163.093,163.051,163.084,100.0,1,pat_doji=100,0,100,0,0,0,0,0,0
2026-07-22 09:15:00,USDJPY,163.082,163.124,163.076,163.109,100.0,1,pat_engulfing=100,100,0,0,0,0,0,0,0
2026-07-22 09:30:00,USDJPY,163.109,163.144,163.092,163.122,0.0,0,none,0,0,0,0,0,0,0,0
2026-07-22 09:45:00,USDJPY,163.121,163.136,163.09,163.091,0.0,0,none,0,0,0,0,0,0,0,0
2026-07-22 10:00:00,USDJPY,163.092,163.117,163.067,163.085,0.0,0,none,0,0,0,0,0,0,0,0
2026-07-22 10:15:00,USDJPY,163.091,163.136,163.088,163.131,0.0,0,none,0,0,0,0,0,0,0,0
2026-07-22 10:30:00,USDJPY,163.131,163.133,162.673,162.946,-100.0,-1,pat_engulfing=-100,-100,0,0,0,0,0,0,0
2026-07-22 10:45:00,USDJPY,162.947,162.978,162.899,162.944,100.0,1,pat_doji=100,0,100,0,0,0,0,0,0
2026-07-22 11:00:00,USDJPY,162.947,163.061,162.91,163.058,0.0,0,none,0,0,0,0,0,0,0,0
2026-07-22 11:15:00,USDJPY,163.059,163.111,163.053,163.076,0.0,0,none,0,0,0,0,0,0,0,0
2026-07-22 11:30:00,USDJPY,163.077,163.077,163.003,163.014,-100.0,-1,"pat_engulfing=-100,pat_marubozu=-100",-100,0,0,0,0,0,0,-100
2026-07-22 11:45:00,USDJPY,163.015,163.037,162.95,162.959,0.0,0,none,0,0,0,0,0,0,0,0
2026-07-22 12:00:00,USDJPY,162.959,162.992,162.944,162.983,0.0,0,none,0,0,0,0,0,0,0,0
2026-07-22 12:15:00,USDJPY,162.984,162.995,162.96,162.978,0.0,0,none,0,0,0,0,0,0,0,0
2026-07-22 12:30:00,USDJPY,162.977,163.028,162.977,163.003,100.0,1,pat_engulfing=100,100,0,0,0,0,0,0,0
2026-07-22 12:45:00,USDJPY,163.003,163.054,162.991,163.033,0.0,0,none,0,0,0,0,0,0,0,0
2026-07-22 13:00:00,USDJPY,163.033,163.077,163.014,163.077,0.0,0,none,0,0,0,0,0,0,0,0
2026-07-22 13:15:00,USDJPY,163.078,163.079,163.034,163.042,0.0,0,none,0,0,0,0,0,0,0,0
2026-07-22 13:30:00,USDJPY,163.041,163.056,163.01,163.029,0.0,0,none,0,0,0,0,0,0,0,0
2026-07-22 13:45:00,USDJPY,163.029,163.067,163.007,163.021,0.0,0,none,0,0,0,0,0,0,0,0
2026-07-22 14:00:00,USDJPY,163.025,163.037,162.992,163.01,0.0,0,none,0,0,0,0,0,0,0,0
2026-07-22 14:15:00,USDJPY,163.011,163.045,163.007,163.04,0.0,0,none,0,0,0,0,0,0,0,0
2026-07-22 14:30:00,USDJPY,163.04,163.066,163.013,163.05,0.0,0,none,0,0,0,0,0,0,0,0
2026-07-22 14:45:00,USDJPY,163.052,163.081,163.034,163.077,0.0,0,none,0,0,0,0,0,0,0,0
2026-07-22 15:00:00,USDJPY,163.069,163.08,163.05,163.05,-100.0,-1,pat_harami=-100,0,0,0,0,-100,0,0,0
2026-07-22 15:15:00,USDJPY,163.05,163.078,163.047,163.066,0.0,0,none,0,0,0,0,0,0,0,0
2026-07-22 15:30:00,USDJPY,163.066,163.068,163.037,163.053,0.0,0,none,0,0,0,0,0,0,0,0
2026-07-22 15:45:00,USDJPY,163.053,163.137,163.051,163.106,100.0,1,pat_engulfing=100,100,0,0,0,0,0,0,0
2026-07-22 16:00:00,USDJPY,163.108,163.109,163.068,163.097,-100.0,-1,pat_harami=-100,0,0,0,0,-100,0,0,0
2026-07-22 16:15:00,USDJPY,163.097,163.111,163.056,163.068,0.0,0,none,0,0,0,0,0,0,0,0
2026-07-22 16:30:00,USDJPY,163.067,163.072,163.012,163.028,0.0,0,none,0,0,0,0,0,0,0,0
2026-07-22 16:45:00,USDJPY,163.029,163.089,163.026,163.058,0.0,0,none,0,0,0,0,0,0,0,0
2026-07-22 17:00:00,USDJPY,163.059,163.084,163.046,163.06,100.0,1,pat_doji=100,0,100,0,0,0,0,0,0
2026-07-22 17:15:00,USDJPY,163.06,163.083,163.047,163.075,0.0,0,none,0,0,0,0,0,0,0,0
2026-07-22 17:30:00,USDJPY,163.073,163.082,163.052,163.057,-100.0,-1,pat_harami=-100,0,0,0,0,-100,0,0,0
2026-07-22 17:45:00,USDJPY,163.057,163.121,163.039,163.116,100.0,1,pat_engulfing=100,100,0,0,0,0,0,0,0
2026-07-22 18:00:00,USDJPY,163.116,163.119,163.075,163.099,-100.0,-1,pat_harami=-100,0,0,0,0,-100,0,0,0
2026-07-22 18:15:00,USDJPY,163.099,163.121,163.096,163.108,0.0,0,none,0,0,0,0,0,0,0,0
2026-07-22 18:30:00,USDJPY,163.108,163.134,163.099,163.105,100.0,1,pat_doji=100,0,100,0,0,0,0,0,0
2026-07-22 18:45:00,USDJPY,163.104,163.118,163.07,163.079,0.0,0,none,0,0,0,0,0,0,0,0
2026-07-22 19:00:00,USDJPY,163.078,163.108,163.064,163.107,100.0,1,pat_engulfing=100,100,0,0,0,0,0,0,0
2026-07-22 19:15:00,USDJPY,163.106,163.125,163.087,163.094,0.0,0,none,0,0,0,0,0,0,0,0
2026-07-22 19:30:00,USDJPY,163.095,163.115,163.079,163.11,0.0,0,none,0,0,0,0,0,0,0,0
2026-07-22 19:45:00,USDJPY,163.11,163.116,163.093,163.114,100.0,1,pat_hammer=100,0,0,100,0,0,0,0,0
2026-07-22 20:00:00,USDJPY,163.112,163.138,163.106,163.137,0.0,0,none,0,0,0,0,0,0,0,0
2026-07-22 20:15:00,USDJPY,163.136,163.148,163.122,163.136,100.0,1,pat_doji=100,0,100,0,0,0,0,0,0
2026-07-22 20:30:00,USDJPY,163.137,163.179,163.136,163.162,0.0,0,none,0,0,0,0,0,0,0,0
2026-07-22 20:45:00,USDJPY,163.162,163.167,163.148,163.159,-100.0,-1,pat_harami=-100,0,0,0,0,-100,0,0,0
2026-07-22 21:00:00,USDJPY,163.158,163.176,163.145,163.156,100.0,1,pat_doji=100,0,100,0,0,0,0,0,0
2026-07-22 21:15:00,USDJPY,163.156,163.171,163.125,163.131,0.0,0,none,0,0,0,0,0,0,0,0
2026-07-22 21:30:00,USDJPY,163.131,163.14,163.112,163.12,0.0,0,none,0,0,0,0,0,0,0,0
2026-07-22 21:45:00,USDJPY,163.12,163.139,163.105,163.131,100.0,1,pat_engulfing=100,100,0,0,0,0,0,0,0
2026-07-22 22:00:00,USDJPY,163.13,163.147,163.118,163.147,0.0,0,none,0,0,0,0,0,0,0,0
2026-07-22 22:15:00,USDJPY,163.146,163.148,163.133,163.144,0.0,0,none,0,0,0,0,0,0,0,0
2026-07-22 22:30:00,USDJPY,163.143,163.155,163.133,163.151,100.0,1,pat_engulfing=100,100,0,0,0,0,0,0,0
2026-07-22 22:45:00,USDJPY,163.15,163.16,163.143,163.147,0.0,0,none,0,0,0,0,0,0,0,0
2026-07-22 23:00:00,USDJPY,163.146,163.155,163.133,163.147,100.0,1,pat_doji=100,0,100,0,0,0,0,0,0
2026-07-22 23:15:00,USDJPY,163.147,163.154,163.138,163.149,0.0,0,none,0,0,0,0,0,0,0,0
2026-07-22 23:30:00,USDJPY,163.149,163.153,163.142,163.148,0.0,0,"pat_doji=100,pat_harami=-100",0,100,0,0,-100,0,0,0
2026-07-22 23:45:00,USDJPY,163.147,163.163,163.147,163.159,100.0,1,pat_engulfing=100,100,0,0,0,0,0,0,0
2026-07-23 00:00:00,USDJPY,163.079,163.124,163.074,163.099,0.0,0,none,0,0,0,0,0,0,0,0
2026-07-23 00:15:00,USDJPY,163.099,163.115,163.085,163.087,-100.0,-1,pat_harami=-100,0,0,0,0,-100,0,0,0
2026-07-23 00:30:00,USDJPY,163.087,163.1,163.083,163.095,0.0,0,none,0,0,0,0,0,0,0,0
2026-07-23 00:45:00,USDJPY,163.096,163.104,163.087,163.092,0.0,0,none,0,0,0,0,0,0,0,0
2026-07-23 01:00:00,USDJPY,163.096,163.13,163.078,163.095,100.0,1,pat_doji=100,0,100,0,0,0,0,0,0
2026-07-23 01:15:00,USDJPY,163.094,163.106,163.083,163.104,100.0,1,"pat_engulfing=100,pat_harami=100",100,0,0,0,100,0,0,0
2026-07-23 01:30:00,USDJPY,163.105,163.149,163.1,163.126,0.0,0,none,0,0,0,0,0,0,0,0
2026-07-20 23:45:00,AUDUSD,0.69979,0.6999,0.69972,0.69988,100.0,1,pat_engulfing=100,100,0,0,0,0,0,0,0
2026-07-21 00:00:00,AUDUSD,0.69917,0.69941,0.69887,0.69937,0.0,0,none,0,0,0,0,0,0,0,0
2026-07-21 00:15:00,AUDUSD,0.69936,0.69966,0.69916,0.69945,0.0,0,none,0,0,0,0,0,0,0,0
2026-07-21 00:30:00,AUDUSD,0.69946,0.69974,0.69931,0.69935,-100.0,-1,"pat_engulfing=-100,pat_shooting_star=-100",-100,0,0,-100,0,0,0,0
2026-07-21 00:45:00,AUDUSD,0.69943,0.69948,0.69929,0.6994,0.0,0,none,0,0,0,0,0,0,0,0
2026-07-21 01:00:00,AUDUSD,0.69941,0.69973,0.69936,0.69943,100.0,1,pat_doji=100,0,100,0,0,0,0,0,0
2026-07-21 01:15:00,AUDUSD,0.69944,0.69945,0.69933,0.69937,-100.0,-1,pat_engulfing=-100,-100,0,0,0,0,0,0,0
2026-07-21 01:30:00,AUDUSD,0.69937,0.69944,0.69933,0.69938,100.0,1,"pat_doji=100,pat_harami=100",0,100,0,0,100,0,0,0
2026-07-21 01:45:00,AUDUSD,0.69938,0.69954,0.69934,0.69953,0.0,0,none,0,0,0,0,0,0,0,0
2026-07-21 02:00:00,AUDUSD,0.69953,0.69986,0.69947,0.69979,0.0,0,none,0,0,0,0,0,0,0,0
2026-07-21 02:15:00,AUDUSD,0.69978,0.69997,0.69976,0.69979,100.0,1,pat_doji=100,0,100,0,0,0,0,0,0
2026-07-21 02:30:00,AUDUSD,0.69979,0.7,0.69977,0.69998,0.0,0,none,0,0,0,0,0,0,0,0
2026-07-21 02:45:00,AUDUSD,0.69998,0.7001,0.69981,0.70004,0.0,0,none,0,0,0,0,0,0,0,0
2026-07-21 03:00:00,AUDUSD,0.70004,0.70014,0.69966,0.69995,-100.0,-1,pat_engulfing=-100,-100,0,0,0,0,0,0,0
2026-07-21 03:15:00,AUDUSD,0.69995,0.70008,0.69979,0.70002,100.0,1,"pat_hammer=100,pat_harami=100",0,0,100,0,100,0,0,0
2026-07-21 03:30:00,AUDUSD,0.70002,0.70032,0.69991,0.70029,0.0,0,none,0,0,0,0,0,0,0,0
2026-07-21 03:45:00,AUDUSD,0.7003,0.70057,0.70016,0.70016,0.0,0,none,0,0,0,0,0,0,0,0
2026-07-21 04:00:00,AUDUSD,0.70017,0.7006,0.70006,0.70042,0.0,0,none,0,0,0,0,0,0,0,0
2026-07-21 04:15:00,AUDUSD,0.70041,0.70067,0.70037,0.70055,0.0,0,none,0,0,0,0,0,0,0,0
2026-07-21 04:30:00,AUDUSD,0.70055,0.70077,0.70044,0.70059,0.0,0,none,0,0,0,0,0,0,0,0
2026-07-21 04:45:00,AUDUSD,0.70058,0.70069,0.70047,0.70054,-100.0,-1,pat_harami=-100,0,0,0,0,-100,0,0,0
2026-07-21 05:00:00,AUDUSD,0.70055,0.70094,0.70052,0.70084,0.0,0,none,0,0,0,0,0,0,0,0
2026-07-21 05:15:00,AUDUSD,0.70085,0.70095,0.70038,0.70039,-100.0,-1,pat_engulfing=-100,-100,0,0,0,0,0,0,0
2026-07-21 05:30:00,AUDUSD,0.7004,0.70097,0.70039,0.70079,0.0,0,none,0,0,0,0,0,0,0,0
2026-07-21 05:45:00,AUDUSD,0.70079,0.70085,0.70058,0.70066,-100.0,-1,pat_harami=-100,0,0,0,0,-100,0,0,0
2026-07-21 06:00:00,AUDUSD,0.70067,0.70077,0.70039,0.70051,0.0,0,none,0,0,0,0,0,0,0,0
2026-07-21 06:15:00,AUDUSD,0.70051,0.70064,0.70045,0.70056,100.0,1,pat_harami=100,0,0,0,0,100,0,0,0
2026-07-21 06:30:00,AUDUSD,0.70055,0.7007,0.70047,0.70048,-100.0,-1,pat_shooting_star=-100,0,0,0,-100,0,0,0,0
2026-07-21 06:45:00,AUDUSD,0.70048,0.70071,0.70037,0.70038,-100.0,-1,pat_shooting_star=-100,0,0,0,-100,0,0,0,0
2026-07-21 07:00:00,AUDUSD,0.70038,0.70067,0.70038,0.70058,100.0,1,"pat_engulfing=100,pat_harami=100",100,0,0,0,100,0,0,0
2026-07-21 07:15:00,AUDUSD,0.70057,0.70061,0.70037,0.70039,0.0,0,none,0,0,0,0,0,0,0,0
2026-07-21 07:30:00,AUDUSD,0.7004,0.70076,0.70036,0.70069,0.0,0,none,0,0,0,0,0,0,0,0
2026-07-21 07:45:00,AUDUSD,0.70069,0.70078,0.7006,0.70076,0.0,0,none,0,0,0,0,0,0,0,0
2026-07-21 08:00:00,AUDUSD,0.70075,0.70095,0.70063,0.70064,0.0,0,none,0,0,0,0,0,0,0,0
2026-07-21 08:15:00,AUDUSD,0.70064,0.70088,0.70062,0.70084,100.0,1,pat_engulfing=100,100,0,0,0,0,0,0,0
2026-07-21 08:30:00,AUDUSD,0.70084,0.70107,0.70082,0.70103,0.0,0,none,0,0,0,0,0,0,0,0
2026-07-21 08:45:00,AUDUSD,0.70102,0.70104,0.70078,0.70085,0.0,0,none,0,0,0,0,0,0,0,0
2026-07-21 09:00:00,AUDUSD,0.70084,0.70121,0.70082,0.70099,0.0,0,none,0,0,0,0,0,0,0,0
2026-07-21 09:15:00,AUDUSD,0.701,0.7013,0.70091,0.70118,0.0,0,none,0,0,0,0,0,0,0,0
2026-07-21 09:30:00,AUDUSD,0.70119,0.70151,0.70111,0.70141,0.0,0,none,0,0,0,0,0,0,0,0
2026-07-21 09:45:00,AUDUSD,0.7014,0.70185,0.70135,0.70173,0.0,0,none,0,0,0,0,0,0,0,0
2026-07-21 10:00:00,AUDUSD,0.70173,0.70227,0.70173,0.70188,0.0,0,none,0,0,0,0,0,0,0,0
2026-07-21 10:15:00,AUDUSD,0.70189,0.70203,0.70168,0.70169,-100.0,-1,pat_engulfing=-100,-100,0,0,0,0,0,0,0
2026-07-21 10:30:00,AUDUSD,0.70169,0.70196,0.7016,0.70173,0.0,0,none,0,0,0,0,0,0,0,0
2026-07-21 10:45:00,AUDUSD,0.70173,0.70199,0.70171,0.70189,0.0,0,none,0,0,0,0,0,0,0,0
2026-07-21 11:00:00,AUDUSD,0.70191,0.70214,0.70182,0.70205,0.0,0,none,0,0,0,0,0,0,0,0
2026-07-21 11:15:00,AUDUSD,0.70206,0.70231,0.70199,0.70209,100.0,1,pat_doji=100,0,100,0,0,0,0,0,0
2026-07-21 11:30:00,AUDUSD,0.70209,0.70219,0.70184,0.70213,0.0,0,none,0,0,0,0,0,0,0,0
2026-07-21 11:45:00,AUDUSD,0.70213,0.70227,0.702,0.70219,0.0,0,none,0,0,0,0,0,0,0,0
2026-07-21 12:00:00,AUDUSD,0.7022,0.70235,0.70213,0.70225,0.0,0,none,0,0,0,0,0,0,0,0
2026-07-21 12:15:00,AUDUSD,0.70225,0.70262,0.70221,0.70221,0.0,0,"pat_doji=100,pat_shooting_star=-100",0,100,0,-100,0,0,0,0
2026-07-21 12:30:00,AUDUSD,0.70222,0.70258,0.70215,0.7024,0.0,0,none,0,0,0,0,0,0,0,0
2026-07-21 12:45:00,AUDUSD,0.70239,0.70253,0.7023,0.70237,0.0,0,"pat_doji=100,pat_harami=-100",0,100,0,0,-100,0,0,0
2026-07-21 13:00:00,AUDUSD,0.70236,0.70266,0.70231,0.70246,100.0,1,pat_engulfing=100,100,0,0,0,0,0,0,0
2026-07-21 13:15:00,AUDUSD,0.70247,0.70269,0.70243,0.70256,0.0,0,none,0,0,0,0,0,0,0,0
2026-07-21 13:30:00,AUDUSD,0.70257,0.70259,0.70215,0.70217,-100.0,-1,"pat_engulfing=-100,pat_marubozu=-100",-100,0,0,0,0,0,0,-100
2026-07-21 13:45:00,AUDUSD,0.70216,0.70217,0.70185,0.70196,0.0,0,none,0,0,0,0,0,0,0,0
2026-07-21 14:00:00,AUDUSD,0.70196,0.70201,0.70146,0.70167,0.0,0,none,0,0,0,0,0,0,0,0
2026-07-21 14:15:00,AUDUSD,0.70168,0.70184,0.70152,0.70161,0.0,0,none,0,0,0,0,0,0,0,0
2026-07-21 14:30:00,AUDUSD,0.70161,0.70193,0.70161,0.70186,100.0,1,pat_engulfing=100,100,0,0,0,0,0,0,0
2026-07-21 14:45:00,AUDUSD,0.70187,0.70189,0.70156,0.7018,0.0,0,none,0,0,0,0,0,0,0,0
2026-07-21 15:00:00,AUDUSD,0.7018,0.70191,0.70143,0.70149,0.0,0,none,0,0,0,0,0,0,0,0
2026-07-21 15:15:00,AUDUSD,0.70149,0.70156,0.70108,0.70113,0.0,0,none,0,0,0,0,0,0,0,0
2026-07-21 15:30:00,AUDUSD,0.70114,0.70148,0.70109,0.70126,100.0,1,pat_harami=100,0,0,0,0,100,0,0,0
2026-07-21 15:45:00,AUDUSD,0.70127,0.70168,0.70126,0.70162,0.0,0,none,0,0,0,0,0,0,0,0
2026-07-21 16:00:00,AUDUSD,0.70163,0.70168,0.7013,0.70164,100.0,1,pat_doji=100,0,100,0,0,0,0,0,0
2026-07-21 16:15:00,AUDUSD,0.70164,0.70164,0.70081,0.70092,-100.0,-1,"pat_engulfing=-100,pat_marubozu=-100",-100,0,0,0,0,0,0,-100
2026-07-21 16:30:00,AUDUSD,0.70093,0.70109,0.70026,0.70033,0.0,0,none,0,0,0,0,0,0,0,0
2026-07-21 16:45:00,AUDUSD,0.70033,0.70073,0.70026,0.70053,100.0,1,pat_harami=100,0,0,0,0,100,0,0,0
2026-07-21 17:00:00,AUDUSD,0.70052,0.70127,0.70052,0.70118,100.0,1,pat_marubozu=100,0,0,0,0,0,0,0,100
2026-07-21 17:15:00,AUDUSD,0.70116,0.70117,0.70086,0.70096,-100.0,-1,pat_harami=-100,0,0,0,0,-100,0,0,0
2026-07-21 17:30:00,AUDUSD,0.70095,0.70108,0.70047,0.70071,0.0,0,none,0,0,0,0,0,0,0,0
2026-07-21 17:45:00,AUDUSD,0.70072,0.70078,0.70029,0.70043,0.0,0,none,0,0,0,0,0,0,0,0
2026-07-21 18:00:00,AUDUSD,0.70042,0.70068,0.7003,0.70066,100.0,1,pat_harami=100,0,0,0,0,100,0,0,0
2026-07-21 18:15:00,AUDUSD,0.70066,0.70113,0.70065,0.70098,0.0,0,none,0,0,0,0,0,0,0,0
2026-07-21 18:30:00,AUDUSD,0.70097,0.70124,0.70084,0.70086,-100.0,-1,pat_shooting_star=-100,0,0,0,-100,0,0,0,0
2026-07-21 18:45:00,AUDUSD,0.70088,0.70092,0.70061,0.70072,0.0,0,none,0,0,0,0,0,0,0,0
2026-07-21 19:00:00,AUDUSD,0.70073,0.70082,0.70063,0.70066,0.0,0,none,0,0,0,0,0,0,0,0
2026-07-21 19:15:00,AUDUSD,0.70065,0.70074,0.70041,0.70043,0.0,0,none,0,0,0,0,0,0,0,0
2026-07-21 19:30:00,AUDUSD,0.7004,0.70063,0.70033,0.70058,0.0,0,none,0,0,0,0,0,0,0,0
2026-07-21 19:45:00,AUDUSD,0.70057,0.70077,0.70053,0.70065,0.0,0,none,0,0,0,0,0,0,0,0
2026-07-21 20:00:00,AUDUSD,0.70066,0.70078,0.70055,0.70062,0.0,0,none,0,0,0,0,0,0,0,0
2026-07-21 20:15:00,AUDUSD,0.70061,0.70078,0.70058,0.70077,100.0,1,"pat_engulfing=100,pat_harami=100",100,0,0,0,100,0,0,0
2026-07-21 20:30:00,AUDUSD,0.70078,0.70079,0.70049,0.70058,-100.0,-1,pat_engulfing=-100,-100,0,0,0,0,0,0,0
2026-07-21 20:45:00,AUDUSD,0.70057,0.70065,0.7005,0.70057,100.0,1,pat_doji=100,0,100,0,0,0,0,0,0
2026-07-21 21:00:00,AUDUSD,0.70058,0.7006,0.70024,0.70035,0.0,0,none,0,0,0,0,0,0,0,0
2026-07-21 21:15:00,AUDUSD,0.70036,0.70051,0.70023,0.70047,0.0,0,none,0,0,0,0,0,0,0,0
2026-07-21 21:30:00,AUDUSD,0.70046,0.70052,0.70026,0.70049,0.0,0,none,0,0,0,0,0,0,0,0
2026-07-21 21:45:00,AUDUSD,0.7005,0.70054,0.70043,0.70052,0.0,0,none,0,0,0,0,0,0,0,0
2026-07-21 22:00:00,AUDUSD,0.70055,0.7006,0.70043,0.7005,-100.0,-1,pat_engulfing=-100,-100,0,0,0,0,0,0,0
2026-07-21 22:15:00,AUDUSD,0.7005,0.7006,0.70047,0.7005,100.0,1,pat_doji=100,0,100,0,0,0,0,0,0
2026-07-21 22:30:00,AUDUSD,0.70051,0.70054,0.70007,0.70007,-100.0,-1,pat_marubozu=-100,0,0,0,0,0,0,0,-100
2026-07-21 22:45:00,AUDUSD,0.70007,0.70031,0.70004,0.70031,100.0,1,pat_marubozu=100,0,0,0,0,0,0,0,100
2026-07-21 23:00:00,AUDUSD,0.70032,0.70032,0.69999,0.70001,-100.0,-1,"pat_engulfing=-100,pat_marubozu=-100",-100,0,0,0,0,0,0,-100
2026-07-21 23:15:00,AUDUSD,0.7,0.70001,0.69977,0.69999,100.0,1,pat_doji=100,0,100,0,0,0,0,0,0
2026-07-21 23:30:00,AUDUSD,0.69998,0.69998,0.69983,0.69991,0.0,0,none,0,0,0,0,0,0,0,0
2026-07-21 23:45:00,AUDUSD,0.69991,0.7,0.69975,0.69981,0.0,0,none,0,0,0,0,0,0,0,0
2026-07-22 00:00:00,AUDUSD,0.69961,0.69995,0.69961,0.69989,0.0,0,none,0,0,0,0,0,0,0,0
2026-07-22 00:15:00,AUDUSD,0.69984,0.70001,0.69981,0.70001,100.0,1,pat_marubozu=100,0,0,0,0,0,0,0,100
2026-07-22 00:30:00,AUDUSD,0.70001,0.70003,0.69967,0.69984,-100.0,-1,pat_engulfing=-100,-100,0,0,0,0,0,0,0
2026-07-22 00:45:00,AUDUSD,0.69992,0.69999,0.69969,0.69979,0.0,0,none,0,0,0,0,0,0,0,0
2026-07-22 01:00:00,AUDUSD,0.6998,0.69997,0.69975,0.69988,100.0,1,pat_harami=100,0,0,0,0,100,0,0,0
2026-07-22 01:15:00,AUDUSD,0.69988,0.7,0.69988,0.69995,0.0,0,none,0,0,0,0,0,0,0,0
2026-07-22 01:30:00,AUDUSD,0.69995,0.69997,0.69986,0.69987,-100.0,-1,pat_engulfing=-100,-100,0,0,0,0,0,0,0
2026-07-22 01:45:00,AUDUSD,0.69987,0.69988,0.69972,0.69975,0.0,0,none,0,0,0,0,0,0,0,0
2026-07-22 02:00:00,AUDUSD,0.69975,0.69987,0.69968,0.69983,0.0,0,none,0,0,0,0,0,0,0,0
2026-07-22 02:15:00,AUDUSD,0.69985,0.6999,0.69973,0.69974,-100.0,-1,pat_engulfing=-100,-100,0,0,0,0,0,0,0
2026-07-22 02:30:00,AUDUSD,0.69975,0.69987,0.69972,0.69984,0.0,0,none,0,0,0,0,0,0,0,0
2026-07-22 02:45:00,AUDUSD,0.69984,0.70004,0.69978,0.70002,0.0,0,none,0,0,0,0,0,0,0,0
2026-07-22 03:00:00,AUDUSD,0.70002,0.7002,0.69985,0.70017,0.0,0,none,0,0,0,0,0,0,0,0
2026-07-22 03:15:00,AUDUSD,0.70016,0.70047,0.70014,0.70041,0.0,0,none,0,0,0,0,0,0,0,0
2026-07-22 03:30:00,AUDUSD,0.70041,0.70048,0.70012,0.70016,-100.0,-1,pat_engulfing=-100,-100,0,0,0,0,0,0,0
2026-07-22 03:45:00,AUDUSD,0.70014,0.70092,0.70011,0.70088,100.0,1,"pat_engulfing=100,pat_marubozu=100",100,0,0,0,0,0,0,100
2026-07-22 04:00:00,AUDUSD,0.70091,0.70126,0.7009,0.70107,0.0,0,none,0,0,0,0,0,0,0,0
2026-07-22 04:15:00,AUDUSD,0.70106,0.70113,0.70047,0.70057,0.0,0,none,0,0,0,0,0,0,0,0
2026-07-22 04:30:00,AUDUSD,0.70058,0.70058,0.70031,0.70046,0.0,0,none,0,0,0,0,0,0,0,0
2026-07-22 04:45:00,AUDUSD,0.70046,0.70073,0.70045,0.70055,0.0,0,none,0,0,0,0,0,0,0,0
2026-07-22 05:00:00,AUDUSD,0.70056,0.70059,0.70004,0.70029,-100.0,-1,pat_engulfing=-100,-100,0,0,0,0,0,0,0
2026-07-22 05:15:00,AUDUSD,0.70028,0.70082,0.7002,0.70069,100.0,1,pat_engulfing=100,100,0,0,0,0,0,0,0
2026-07-22 05:30:00,AUDUSD,0.70069,0.70079,0.70024,0.7005,-100.0,-1,pat_harami=-100,0,0,0,0,-100,0,0,0
2026-07-22 05:45:00,AUDUSD,0.70049,0.70059,0.70036,0.70039,0.0,0,none,0,0,0,0,0,0,0,0
2026-07-22 06:00:00,AUDUSD,0.70038,0.7005,0.69999,0.7001,0.0,0,none,0,0,0,0,0,0,0,0
2026-07-22 06:15:00,AUDUSD,0.70009,0.70055,0.70009,0.70052,100.0,1,"pat_engulfing=100,pat_marubozu=100",100,0,0,0,0,0,0,100
2026-07-22 06:30:00,AUDUSD,0.70052,0.70058,0.70003,0.70008,-100.0,-1,pat_engulfing=-100,-100,0,0,0,0,0,0,0
2026-07-22 06:45:00,AUDUSD,0.70007,0.70016,0.69983,0.69992,0.0,0,none,0,0,0,0,0,0,0,0
2026-07-22 07:00:00,AUDUSD,0.69992,0.69998,0.69964,0.69979,0.0,0,none,0,0,0,0,0,0,0,0
2026-07-22 07:15:00,AUDUSD,0.69979,0.69993,0.69972,0.69989,100.0,1,pat_harami=100,0,0,0,0,100,0,0,0
2026-07-22 07:30:00,AUDUSD,0.6999,0.70005,0.69983,0.70001,0.0,0,none,0,0,0,0,0,0,0,0
2026-07-22 07:45:00,AUDUSD,0.7,0.70001,0.69977,0.69989,0.0,0,none,0,0,0,0,0,0,0,0
2026-07-22 08:00:00,AUDUSD,0.69991,0.69997,0.69977,0.69985,0.0,0,none,0,0,0,0,0,0,0,0
2026-07-22 08:15:00,AUDUSD,0.69985,0.70003,0.69973,0.69975,0.0,0,none,0,0,0,0,0,0,0,0
2026-07-22 08:30:00,AUDUSD,0.69974,0.69976,0.69937,0.69948,0.0,0,none,0,0,0,0,0,0,0,0
2026-07-22 08:45:00,AUDUSD,0.69949,0.6997,0.69931,0.69969,0.0,0,none,0,0,0,0,0,0,0,0
2026-07-22 09:00:00,AUDUSD,0.69969,0.70001,0.69964,0.69975,0.0,0,none,0,0,0,0,0,0,0,0
2026-07-22 09:15:00,AUDUSD,0.69976,0.69978,0.69904,0.69915,-100.0,-1,pat_engulfing=-100,-100,0,0,0,0,0,0,0
2026-07-22 09:30:00,AUDUSD,0.69913,0.69953,0.69898,0.69944,0.0,0,none,0,0,0,0,0,0,0,0
2026-07-22 09:45:00,AUDUSD,0.69946,0.69963,0.69928,0.6996,0.0,0,none,0,0,0,0,0,0,0,0
2026-07-22 10:00:00,AUDUSD,0.69961,0.6999,0.69946,0.69989,0.0,0,none,0,0,0,0,0,0,0,0
2026-07-22 10:15:00,AUDUSD,0.69987,0.70029,0.69982,0.70008,0.0,0,none,0,0,0,0,0,0,0,0
2026-07-22 10:30:00,AUDUSD,0.70008,0.70051,0.69948,0.69962,-100.0,-1,pat_engulfing=-100,-100,0,0,0,0,0,0,0
2026-07-22 10:45:00,AUDUSD,0.69962,0.69987,0.69944,0.69961,100.0,1,pat_doji=100,0,100,0,0,0,0,0,0
2026-07-22 11:00:00,AUDUSD,0.69961,0.69962,0.69925,0.69931,0.0,0,none,0,0,0,0,0,0,0,0
2026-07-22 11:15:00,AUDUSD,0.69931,0.69963,0.69919,0.69963,100.0,1,pat_engulfing=100,100,0,0,0,0,0,0,0
2026-07-22 11:30:00,AUDUSD,0.69962,0.69987,0.69961,0.69978,0.0,0,none,0,0,0,0,0,0,0,0
2026-07-22 11:45:00,AUDUSD,0.69977,0.69993,0.69962,0.69972,0.0,0,none,0,0,0,0,0,0,0,0
2026-07-22 12:00:00,AUDUSD,0.6997,0.69989,0.69966,0.69979,100.0,1,"pat_engulfing=100,pat_harami=100",100,0,0,0,100,0,0,0
2026-07-22 12:15:00,AUDUSD,0.6998,0.69991,0.69959,0.69975,0.0,0,none,0,0,0,0,0,0,0,0
2026-07-22 12:30:00,AUDUSD,0.69974,0.69983,0.69931,0.69947,0.0,0,none,0,0,0,0,0,0,0,0
2026-07-22 12:45:00,AUDUSD,0.69947,0.69951,0.69919,0.69938,0.0,0,none,0,0,0,0,0,0,0,0
2026-07-22 13:00:00,AUDUSD,0.69939,0.6995,0.69914,0.69923,0.0,0,none,0,0,0,0,0,0,0,0
2026-07-22 13:15:00,AUDUSD,0.69923,0.69957,0.69919,0.69939,100.0,1,pat_engulfing=100,100,0,0,0,0,0,0,0
2026-07-22 13:30:00,AUDUSD,0.6994,0.69945,0.69927,0.69945,100.0,1,pat_hammer=100,0,0,100,0,0,0,0,0
2026-07-22 13:45:00,AUDUSD,0.69944,0.69954,0.69926,0.69926,0.0,0,none,0,0,0,0,0,0,0,0
2026-07-22 14:00:00,AUDUSD,0.69927,0.69945,0.69918,0.69931,0.0,0,none,0,0,0,0,0,0,0,0
2026-07-22 14:15:00,AUDUSD,0.69932,0.69939,0.69913,0.69916,-100.0,-1,pat_engulfing=-100,-100,0,0,0,0,0,0,0
2026-07-22 14:30:00,AUDUSD,0.69915,0.69937,0.69887,0.69908,0.0,0,none,0,0,0,0,0,0,0,0
2026-07-22 14:45:00,AUDUSD,0.69908,0.69944,0.69892,0.69943,100.0,1,pat_engulfing=100,100,0,0,0,0,0,0,0
2026-07-22 15:00:00,AUDUSD,0.69944,0.6996,0.69931,0.69949,0.0,0,none,0,0,0,0,0,0,0,0
2026-07-22 15:15:00,AUDUSD,0.6995,0.69952,0.69921,0.69932,-100.0,-1,pat_engulfing=-100,-100,0,0,0,0,0,0,0
2026-07-22 15:30:00,AUDUSD,0.69932,0.69949,0.69912,0.69916,0.0,0,none,0,0,0,0,0,0,0,0
2026-07-22 15:45:00,AUDUSD,0.69915,0.69917,0.69801,0.69847,0.0,0,none,0,0,0,0,0,0,0,0
2026-07-22 16:00:00,AUDUSD,0.69847,0.69911,0.69846,0.69898,100.0,1,pat_harami=100,0,0,0,0,100,0,0,0
2026-07-22 16:15:00,AUDUSD,0.69898,0.69959,0.69887,0.69939,0.0,0,none,0,0,0,0,0,0,0,0
2026-07-22 16:30:00,AUDUSD,0.69941,0.69995,0.69941,0.69984,0.0,0,none,0,0,0,0,0,0,0,0
2026-07-22 16:45:00,AUDUSD,0.69983,0.69989,0.69935,0.69947,0.0,0,none,0,0,0,0,0,0,0,0
2026-07-22 17:00:00,AUDUSD,0.6995,0.69969,0.69928,0.69955,0.0,0,none,0,0,0,0,0,0,0,0
2026-07-22 17:15:00,AUDUSD,0.69956,0.69976,0.69921,0.69935,-100.0,-1,pat_engulfing=-100,-100,0,0,0,0,0,0,0
2026-07-22 17:30:00,AUDUSD,0.69934,0.69968,0.69927,0.6996,100.0,1,"pat_engulfing=100,pat_harami=100",100,0,0,0,100,0,0,0
2026-07-22 17:45:00,AUDUSD,0.69959,0.69992,0.69944,0.6996,100.0,1,pat_doji=100,0,100,0,0,0,0,0,0
2026-07-22 18:00:00,AUDUSD,0.6996,0.69984,0.69955,0.69965,0.0,0,none,0,0,0,0,0,0,0,0
2026-07-22 18:15:00,AUDUSD,0.69965,0.69985,0.69947,0.69982,0.0,0,none,0,0,0,0,0,0,0,0
2026-07-22 18:30:00,AUDUSD,0.69983,0.6999,0.69964,0.6998,0.0,0,none,0,0,0,0,0,0,0,0
2026-07-22 18:45:00,AUDUSD,0.69981,0.70003,0.69976,0.70002,0.0,0,none,0,0,0,0,0,0,0,0
2026-07-22 19:00:00,AUDUSD,0.70002,0.70007,0.69966,0.69971,-100.0,-1,pat_engulfing=-100,-100,0,0,0,0,0,0,0
2026-07-22 19:15:00,AUDUSD,0.6997,0.69975,0.69942,0.69953,0.0,0,none,0,0,0,0,0,0,0,0
2026-07-22 19:30:00,AUDUSD,0.69953,0.69961,0.69937,0.69943,0.0,0,none,0,0,0,0,0,0,0,0
2026-07-22 19:45:00,AUDUSD,0.69942,0.69962,0.69933,0.69954,100.0,1,pat_engulfing=100,100,0,0,0,0,0,0,0
2026-07-22 20:00:00,AUDUSD,0.69953,0.69967,0.69946,0.6995,0.0,0,none,0,0,0,0,0,0,0,0
2026-07-22 20:15:00,AUDUSD,0.6995,0.69964,0.69945,0.69951,100.0,1,pat_doji=100,0,100,0,0,0,0,0,0
2026-07-22 20:30:00,AUDUSD,0.6995,0.69954,0.69921,0.69931,0.0,0,none,0,0,0,0,0,0,0,0
2026-07-22 20:45:00,AUDUSD,0.69932,0.69943,0.69918,0.69925,0.0,0,none,0,0,0,0,0,0,0,0
2026-07-22 21:00:00,AUDUSD,0.69926,0.69931,0.69907,0.6991,0.0,0,none,0,0,0,0,0,0,0,0
2026-07-22 21:15:00,AUDUSD,0.69909,0.69943,0.69907,0.69943,100.0,1,"pat_engulfing=100,pat_marubozu=100",100,0,0,0,0,0,0,100
2026-07-22 21:30:00,AUDUSD,0.69943,0.69947,0.69927,0.69938,0.0,0,none,0,0,0,0,0,0,0,0
2026-07-22 21:45:00,AUDUSD,0.69938,0.69952,0.69936,0.69947,100.0,1,pat_engulfing=100,100,0,0,0,0,0,0,0
2026-07-22 22:00:00,AUDUSD,0.69948,0.69953,0.69929,0.69932,-100.0,-1,pat_engulfing=-100,-100,0,0,0,0,0,0,0
2026-07-22 22:15:00,AUDUSD,0.69932,0.69953,0.69927,0.69949,100.0,1,pat_engulfing=100,100,0,0,0,0,0,0,0
2026-07-22 22:30:00,AUDUSD,0.69948,0.6995,0.69935,0.69944,-100.0,-1,pat_harami=-100,0,0,0,0,-100,0,0,0
2026-07-22 22:45:00,AUDUSD,0.69945,0.6996,0.69927,0.69953,100.0,1,pat_hammer=100,0,0,100,0,0,0,0,0
2026-07-22 23:00:00,AUDUSD,0.69953,0.69981,0.69946,0.69979,0.0,0,none,0,0,0,0,0,0,0,0
2026-07-22 23:15:00,AUDUSD,0.69979,0.69981,0.69973,0.69979,100.0,1,pat_doji=100,0,100,0,0,0,0,0,0
2026-07-22 23:30:00,AUDUSD,0.69978,0.6998,0.69961,0.69962,0.0,0,none,0,0,0,0,0,0,0,0
2026-07-22 23:45:00,AUDUSD,0.69962,0.69978,0.69956,0.69969,0.0,0,none,0,0,0,0,0,0,0,0
2026-07-23 00:00:00,AUDUSD,0.6994,0.69942,0.69936,0.69941,0.0,0,none,0,0,0,0,0,0,0,0
2026-07-23 00:15:00,AUDUSD,0.69941,0.69942,0.69901,0.69903,-100.0,-1,"pat_engulfing=-100,pat_marubozu=-100",-100,0,0,0,0,0,0,-100
2026-07-23 00:30:00,AUDUSD,0.69905,0.69922,0.69892,0.69896,0.0,0,none,0,0,0,0,0,0,0,0
2026-07-23 00:45:00,AUDUSD,0.69897,0.69926,0.69839,0.69896,100.0,1,pat_doji=100,0,100,0,0,0,0,0,0
2026-07-23 01:00:00,AUDUSD,0.69896,0.69925,0.69886,0.69888,-100.0,-1,pat_shooting_star=-100,0,0,0,-100,0,0,0,0
2026-07-23 01:15:00,AUDUSD,0.69888,0.69895,0.69876,0.69878,0.0,0,none,0,0,0,0,0,0,0,0
2026-07-23 01:30:00,AUDUSD,0.69879,0.69888,0.69867,0.6987,0.0,0,none,0,0,0,0,0,0,0,0
2026-07-20 23:45:00,GBPUSD,1.34293,1.34313,1.34293,1.34308,0.0,0,none,0,0,0,0,0,0,0,0
2026-07-21 00:00:00,GBPUSD,1.3423,1.34234,1.34222,1.34224,0.0,0,none,0,0,0,0,0,0,0,0
2026-07-21 00:15:00,GBPUSD,1.3426,1.34287,1.34183,1.34212,0.0,0,none,0,0,0,0,0,0,0,0
2026-07-21 00:30:00,GBPUSD,1.34212,1.34242,1.34201,1.34228,100.0,1,pat_harami=100,0,0,0,0,100,0,0,0
2026-07-21 00:45:00,GBPUSD,1.34224,1.34231,1.34193,1.3421,0.0,0,none,0,0,0,0,0,0,0,0
2026-07-21 01:00:00,GBPUSD,1.34207,1.34255,1.34207,1.34244,100.0,1,pat_engulfing=100,100,0,0,0,0,0,0,0
2026-07-21 01:15:00,GBPUSD,1.34244,1.34247,1.34224,1.34243,0.0,0,"pat_doji=100,pat_harami=-100",0,100,0,0,-100,0,0,0
2026-07-21 01:30:00,GBPUSD,1.34243,1.34249,1.34238,1.34246,100.0,1,pat_engulfing=100,100,0,0,0,0,0,0,0
2026-07-21 01:45:00,GBPUSD,1.34247,1.3427,1.34245,1.34264,0.0,0,none,0,0,0,0,0,0,0,0
2026-07-21 02:00:00,GBPUSD,1.34264,1.34287,1.34258,1.34282,0.0,0,none,0,0,0,0,0,0,0,0
2026-07-21 02:15:00,GBPUSD,1.34283,1.34287,1.34275,1.34281,-100.0,-1,pat_harami=-100,0,0,0,0,-100,0,0,0
2026-07-21 02:30:00,GBPUSD,1.3428,1.34291,1.34279,1.34282,0.0,0,none,0,0,0,0,0,0,0,0
2026-07-21 02:45:00,GBPUSD,1.34281,1.34312,1.34278,1.34309,0.0,0,none,0,0,0,0,0,0,0,0
2026-07-21 03:00:00,GBPUSD,1.34309,1.34335,1.34297,1.34305,0.0,0,none,0,0,0,0,0,0,0,0
2026-07-21 03:15:00,GBPUSD,1.34305,1.34313,1.34275,1.34281,0.0,0,none,0,0,0,0,0,0,0,0
2026-07-21 03:30:00,GBPUSD,1.34282,1.34322,1.34267,1.34319,0.0,0,none,0,0,0,0,0,0,0,0
2026-07-21 03:45:00,GBPUSD,1.34318,1.3435,1.34308,1.3431,-100.0,-1,pat_shooting_star=-100,0,0,0,-100,0,0,0,0
2026-07-21 04:00:00,GBPUSD,1.3431,1.34347,1.34296,1.34324,100.0,1,pat_engulfing=100,100,0,0,0,0,0,0,0
2026-07-21 04:15:00,GBPUSD,1.34326,1.34364,1.3432,1.34345,0.0,0,none,0,0,0,0,0,0,0,0
2026-07-21 04:30:00,GBPUSD,1.34346,1.34364,1.34323,1.3436,0.0,0,none,0,0,0,0,0,0,0,0
2026-07-21 04:45:00,GBPUSD,1.3436,1.34368,1.34345,1.34347,0.0,0,none,0,0,0,0,0,0,0,0
2026-07-21 05:00:00,GBPUSD,1.34348,1.34384,1.34346,1.34365,0.0,0,none,0,0,0,0,0,0,0,0
2026-07-21 05:15:00,GBPUSD,1.34365,1.34385,1.34342,1.34343,-100.0,-1,pat_engulfing=-100,-100,0,0,0,0,0,0,0
2026-07-21 05:30:00,GBPUSD,1.34343,1.34373,1.34343,1.34344,100.0,1,"pat_doji=100,pat_harami=100",0,100,0,0,100,0,0,0
2026-07-21 05:45:00,GBPUSD,1.34346,1.34349,1.34307,1.34315,-100.0,-1,pat_engulfing=-100,-100,0,0,0,0,0,0,0
2026-07-21 06:00:00,GBPUSD,1.34315,1.34327,1.34289,1.34307,0.0,0,none,0,0,0,0,0,0,0,0
2026-07-21 06:15:00,GBPUSD,1.34308,1.34345,1.34302,1.34343,0.0,0,none,0,0,0,0,0,0,0,0
2026-07-21 06:30:00,GBPUSD,1.34339,1.34367,1.34337,1.34361,0.0,0,none,0,0,0,0,0,0,0,0
2026-07-21 06:45:00,GBPUSD,1.34362,1.34398,1.3436,1.34367,0.0,0,none,0,0,0,0,0,0,0,0
2026-07-21 07:00:00,GBPUSD,1.34368,1.34381,1.34359,1.34369,100.0,1,pat_doji=100,0,100,0,0,0,0,0,0
2026-07-21 07:15:00,GBPUSD,1.34369,1.34381,1.34366,1.34371,0.0,0,none,0,0,0,0,0,0,0,0
2026-07-21 07:30:00,GBPUSD,1.3437,1.344,1.34367,1.34393,0.0,0,none,0,0,0,0,0,0,0,0
2026-07-21 07:45:00,GBPUSD,1.34392,1.34409,1.34389,1.344,0.0,0,none,0,0,0,0,0,0,0,0
2026-07-21 08:00:00,GBPUSD,1.34399,1.34427,1.34389,1.3439,-100.0,-1,pat_shooting_star=-100,0,0,0,-100,0,0,0,0
2026-07-21 08:15:00,GBPUSD,1.3439,1.34408,1.34387,1.34408,100.0,1,"pat_engulfing=100,pat_marubozu=100",100,0,0,0,0,0,0,100
2026-07-21 08:30:00,GBPUSD,1.34407,1.34461,1.34405,1.34458,100.0,1,pat_marubozu=100,0,0,0,0,0,0,0,100
2026-07-21 08:45:00,GBPUSD,1.34457,1.34458,1.34422,1.34426,-100.0,-1,"pat_harami=-100,pat_marubozu=-100",0,0,0,0,-100,0,0,-100
2026-07-21 09:00:00,GBPUSD,1.34415,1.34495,1.34413,1.34481,100.0,1,pat_engulfing=100,100,0,0,0,0,0,0,0
2026-07-21 09:15:00,GBPUSD,1.3448,1.3451,1.3446,1.34471,0.0,0,none,0,0,0,0,0,0,0,0
2026-07-21 09:30:00,GBPUSD,1.34471,1.34516,1.34459,1.34515,100.0,1,pat_engulfing=100,100,0,0,0,0,0,0,0
2026-07-21 09:45:00,GBPUSD,1.34514,1.34527,1.34469,1.34481,0.0,0,none,0,0,0,0,0,0,0,0
2026-07-21 10:00:00,GBPUSD,1.34481,1.34556,1.34467,1.34486,100.0,1,pat_doji=100,0,100,0,0,0,0,0,0
2026-07-21 10:15:00,GBPUSD,1.34487,1.3449,1.34438,1.3444,-100.0,-1,"pat_engulfing=-100,pat_marubozu=-100",-100,0,0,0,0,0,0,-100
2026-07-21 10:30:00,GBPUSD,1.34439,1.34446,1.34362,1.34377,0.0,0,none,0,0,0,0,0,0,0,0
2026-07-21 10:45:00,GBPUSD,1.34377,1.34415,1.34374,1.34406,100.0,1,pat_harami=100,0,0,0,0,100,0,0,0
2026-07-21 11:00:00,GBPUSD,1.34406,1.34461,1.34391,1.34455,0.0,0,none,0,0,0,0,0,0,0,0
2026-07-21 11:15:00,GBPUSD,1.34453,1.34485,1.34371,1.34371,0.0,0,none,0,0,0,0,0,0,0,0
2026-07-21 11:30:00,GBPUSD,1.34371,1.34371,1.34275,1.34331,0.0,0,none,0,0,0,0,0,0,0,0
2026-07-21 11:45:00,GBPUSD,1.34331,1.34337,1.34287,1.34288,-100.0,-1,pat_marubozu=-100,0,0,0,0,0,0,0,-100
2026-07-21 12:00:00,GBPUSD,1.34293,1.343,1.34248,1.3428,0.0,0,none,0,0,0,0,0,0,0,0
2026-07-21 12:15:00,GBPUSD,1.34279,1.34299,1.34244,1.34244,0.0,0,none,0,0,0,0,0,0,0,0
2026-07-21 12:30:00,GBPUSD,1.34249,1.34338,1.34248,1.34279,0.0,0,none,0,0,0,0,0,0,0,0
2026-07-21 12:45:00,GBPUSD,1.34281,1.34313,1.34268,1.34274,-100.0,-1,"pat_shooting_star=-100,pat_harami=-100",0,0,0,-100,-100,0,0,0
2026-07-21 13:00:00,GBPUSD,1.34274,1.34342,1.34246,1.34315,100.0,1,pat_engulfing=100,100,0,0,0,0,0,0,0
2026-07-21 13:15:00,GBPUSD,1.34314,1.34317,1.34257,1.34281,-100.0,-1,pat_harami=-100,0,0,0,0,-100,0,0,0
2026-07-21 13:30:00,GBPUSD,1.34281,1.34302,1.34198,1.3421,0.0,0,none,0,0,0,0,0,0,0,0
2026-07-21 13:45:00,GBPUSD,1.34212,1.34217,1.34138,1.34169,0.0,0,none,0,0,0,0,0,0,0,0
2026-07-21 14:00:00,GBPUSD,1.34172,1.34204,1.34075,1.34099,0.0,0,none,0,0,0,0,0,0,0,0
2026-07-21 14:15:00,GBPUSD,1.34099,1.34114,1.34068,1.34091,0.0,0,none,0,0,0,0,0,0,0,0
2026-07-21 14:30:00,GBPUSD,1.3409,1.34143,1.34074,1.34112,100.0,1,pat_engulfing=100,100,0,0,0,0,0,0,0
2026-07-21 14:45:00,GBPUSD,1.34112,1.34126,1.34017,1.34054,-100.0,-1,pat_engulfing=-100,-100,0,0,0,0,0,0,0
2026-07-21 15:00:00,GBPUSD,1.34054,1.34072,1.33966,1.33983,0.0,0,none,0,0,0,0,0,0,0,0
2026-07-21 15:15:00,GBPUSD,1.33983,1.33988,1.33839,1.33849,-100.0,-1,pat_marubozu=-100,0,0,0,0,0,0,0,-100
2026-07-21 15:30:00,GBPUSD,1.3385,1.3392,1.3384,1.33875,100.0,1,pat_harami=100,0,0,0,0,100,0,0,0
2026-07-21 15:45:00,GBPUSD,1.33877,1.33925,1.33821,1.3389,0.0,0,none,0,0,0,0,0,0,0,0
2026-07-21 16:00:00,GBPUSD,1.33889,1.33922,1.33826,1.33919,100.0,1,pat_hammer=100,0,0,100,0,0,0,0,0
2026-07-21 16:15:00,GBPUSD,1.33919,1.33949,1.33772,1.33791,-100.0,-1,pat_engulfing=-100,-100,0,0,0,0,0,0,0
2026-07-21 16:30:00,GBPUSD,1.33793,1.33805,1.33596,1.33644,0.0,0,none,0,0,0,0,0,0,0,0
2026-07-21 16:45:00,GBPUSD,1.33644,1.33853,1.33635,1.33812,100.0,1,pat_engulfing=100,100,0,0,0,0,0,0,0
2026-07-21 17:00:00,GBPUSD,1.33815,1.33989,1.33796,1.33987,100.0,1,pat_marubozu=100,0,0,0,0,0,0,0,100
2026-07-21 17:15:00,GBPUSD,1.33989,1.33989,1.33855,1.33869,-100.0,-1,"pat_harami=-100,pat_marubozu=-100",0,0,0,0,-100,0,0,-100
2026-07-21 17:30:00,GBPUSD,1.3387,1.33902,1.33755,1.33807,0.0,0,none,0,0,0,0,0,0,0,0
2026-07-21 17:45:00,GBPUSD,1.33807,1.33812,1.33661,1.33715,0.0,0,none,0,0,0,0,0,0,0,0
2026-07-21 18:00:00,GBPUSD,1.33716,1.33752,1.33678,1.3374,100.0,1,pat_harami=100,0,0,0,0,100,0,0,0
2026-07-21 18:15:00,GBPUSD,1.3374,1.33817,1.33735,1.33777,0.0,0,none,0,0,0,0,0,0,0,0
2026-07-21 18:30:00,GBPUSD,1.33774,1.33802,1.33744,1.33754,-100.0,-1,pat_harami=-100,0,0,0,0,-100,0,0,0
2026-07-21 18:45:00,GBPUSD,1.33755,1.33765,1.33708,1.33732,0.0,0,none,0,0,0,0,0,0,0,0
2026-07-21 19:00:00,GBPUSD,1.33731,1.33746,1.33692,1.33708,0.0,0,none,0,0,0,0,0,0,0,0
2026-07-21 19:15:00,GBPUSD,1.33709,1.33743,1.33697,1.33724,100.0,1,pat_harami=100,0,0,0,0,100,0,0,0
2026-07-21 19:30:00,GBPUSD,1.33725,1.33834,1.33714,1.33828,100.0,1,pat_marubozu=100,0,0,0,0,0,0,0,100
2026-07-21 19:45:00,GBPUSD,1.33828,1.33843,1.33801,1.33826,100.0,1,pat_doji=100,0,100,0,0,0,0,0,0
2026-07-21 20:00:00,GBPUSD,1.33828,1.33851,1.338,1.33826,100.0,1,pat_doji=100,0,100,0,0,0,0,0,0
2026-07-21 20:15:00,GBPUSD,1.33827,1.33866,1.3382,1.33865,0.0,0,none,0,0,0,0,0,0,0,0
2026-07-21 20:30:00,GBPUSD,1.33861,1.33871,1.33839,1.33861,100.0,1,pat_doji=100,0,100,0,0,0,0,0,0
2026-07-21 20:45:00,GBPUSD,1.33857,1.3387,1.3384,1.33844,0.0,0,none,0,0,0,0,0,0,0,0
2026-07-21 21:00:00,GBPUSD,1.33844,1.33844,1.33756,1.33769,-100.0,-1,pat_marubozu=-100,0,0,0,0,0,0,0,-100
2026-07-21 21:15:00,GBPUSD,1.33768,1.33814,1.33748,1.33802,0.0,0,none,0,0,0,0,0,0,0,0
2026-07-21 21:30:00,GBPUSD,1.33801,1.33811,1.33748,1.33784,-100.0,-1,pat_harami=-100,0,0,0,0,-100,0,0,0
2026-07-21 21:45:00,GBPUSD,1.33783,1.33815,1.33776,1.33813,100.0,1,pat_engulfing=100,100,0,0,0,0,0,0,0
2026-07-21 22:00:00,GBPUSD,1.33814,1.33828,1.33792,1.33807,0.0,0,none,0,0,0,0,0,0,0,0
2026-07-21 22:15:00,GBPUSD,1.33806,1.33845,1.33806,1.33836,100.0,1,pat_engulfing=100,100,0,0,0,0,0,0,0
2026-07-21 22:30:00,GBPUSD,1.33834,1.33839,1.33802,1.33809,0.0,0,none,0,0,0,0,0,0,0,0
2026-07-21 22:45:00,GBPUSD,1.33809,1.33844,1.33793,1.338,-100.0,-1,pat_shooting_star=-100,0,0,0,-100,0,0,0,0
2026-07-21 23:00:00,GBPUSD,1.338,1.33806,1.3378,1.33787,0.0,0,none,0,0,0,0,0,0,0,0
2026-07-21 23:15:00,GBPUSD,1.33787,1.33794,1.33763,1.33784,100.0,1,pat_doji=100,0,100,0,0,0,0,0,0
2026-07-21 23:30:00,GBPUSD,1.33785,1.33793,1.33776,1.33776,0.0,0,none,0,0,0,0,0,0,0,0
2026-07-21 23:45:00,GBPUSD,1.33776,1.33786,1.33739,1.33747,0.0,0,none,0,0,0,0,0,0,0,0
2026-07-22 00:00:00,GBPUSD,1.33689,1.33772,1.3365,1.33704,0.0,0,none,0,0,0,0,0,0,0,0
2026-07-22 00:15:00,GBPUSD,1.33703,1.33733,1.33658,1.33705,100.0,1,pat_doji=100,0,100,0,0,0,0,0,0
2026-07-22 00:30:00,GBPUSD,1.33705,1.33746,1.33685,1.33738,0.0,0,none,0,0,0,0,0,0,0,0
2026-07-22 00:45:00,GBPUSD,1.33738,1.33747,1.337,1.33726,0.0,0,none,0,0,0,0,0,0,0,0
2026-07-22 01:00:00,GBPUSD,1.3376,1.33773,1.33743,1.3376,100.0,1,pat_doji=100,0,100,0,0,0,0,0,0
2026-07-22 01:15:00,GBPUSD,1.33759,1.33777,1.33751,1.33771,0.0,0,none,0,0,0,0,0,0,0,0
2026-07-22 01:30:00,GBPUSD,1.33771,1.33775,1.3376,1.33767,-100.0,-1,pat_harami=-100,0,0,0,0,-100,0,0,0
2026-07-22 01:45:00,GBPUSD,1.33767,1.33767,1.33741,1.33743,-100.0,-1,pat_marubozu=-100,0,0,0,0,0,0,0,-100
2026-07-22 02:00:00,GBPUSD,1.33743,1.3375,1.33733,1.33744,100.0,1,pat_doji=100,0,100,0,0,0,0,0,0
2026-07-22 02:15:00,GBPUSD,1.33745,1.3375,1.33733,1.33737,-100.0,-1,"pat_engulfing=-100,pat_harami=-100",-100,0,0,0,-100,0,0,0
2026-07-22 02:30:00,GBPUSD,1.33737,1.33758,1.33737,1.33752,100.0,1,pat_engulfing=100,100,0,0,0,0,0,0,0
2026-07-22 02:45:00,GBPUSD,1.33752,1.33787,1.33748,1.33785,0.0,0,none,0,0,0,0,0,0,0,0
2026-07-22 03:00:00,GBPUSD,1.33785,1.3382,1.33773,1.33819,0.0,0,none,0,0,0,0,0,0,0,0
2026-07-22 03:15:00,GBPUSD,1.3382,1.33867,1.33814,1.33864,0.0,0,none,0,0,0,0,0,0,0,0
2026-07-22 03:30:00,GBPUSD,1.33865,1.33873,1.33812,1.3382,-100.0,-1,pat_engulfing=-100,-100,0,0,0,0,0,0,0
2026-07-22 03:45:00,GBPUSD,1.33821,1.33859,1.33805,1.33847,0.0,0,none,0,0,0,0,0,0,0,0
2026-07-22 04:00:00,GBPUSD,1.33847,1.33879,1.33843,1.33865,0.0,0,none,0,0,0,0,0,0,0,0
2026-07-22 04:15:00,GBPUSD,1.33867,1.3387,1.33825,1.33836,-100.0,-1,pat_engulfing=-100,-100,0,0,0,0,0,0,0
2026-07-22 04:30:00,GBPUSD,1.33837,1.33837,1.33795,1.33819,0.0,0,none,0,0,0,0,0,0,0,0
2026-07-22 04:45:00,GBPUSD,1.3382,1.3384,1.33817,1.33832,0.0,0,none,0,0,0,0,0,0,0,0
2026-07-22 05:00:00,GBPUSD,1.33831,1.3385,1.33804,1.33843,100.0,1,pat_hammer=100,0,0,100,0,0,0,0,0
2026-07-22 05:15:00,GBPUSD,1.33843,1.33895,1.33832,1.33876,0.0,0,none,0,0,0,0,0,0,0,0
2026-07-22 05:30:00,GBPUSD,1.33876,1.33887,1.33853,1.3386,-100.0,-1,pat_harami=-100,0,0,0,0,-100,0,0,0
2026-07-22 05:45:00,GBPUSD,1.33861,1.33876,1.33847,1.33854,0.0,0,none,0,0,0,0,0,0,0,0
2026-07-22 06:00:00,GBPUSD,1.33851,1.33867,1.33811,1.33824,0.0,0,none,0,0,0,0,0,0,0,0
2026-07-22 06:15:00,GBPUSD,1.33829,1.33871,1.33828,1.33867,100.0,1,pat_marubozu=100,0,0,0,0,0,0,0,100
2026-07-22 06:30:00,GBPUSD,1.33866,1.33869,1.33831,1.33835,-100.0,-1,pat_harami=-100,0,0,0,0,-100,0,0,0
2026-07-22 06:45:00,GBPUSD,1.33835,1.33851,1.33821,1.33828,0.0,0,none,0,0,0,0,0,0,0,0
2026-07-22 07:00:00,GBPUSD,1.33829,1.33834,1.33802,1.33816,0.0,0,none,0,0,0,0,0,0,0,0
2026-07-22 07:15:00,GBPUSD,1.33815,1.3383,1.33808,1.33829,100.0,1,"pat_engulfing=100,pat_harami=100",100,0,0,0,100,0,0,0
2026-07-22 07:30:00,GBPUSD,1.33829,1.33851,1.33821,1.33846,0.0,0,none,0,0,0,0,0,0,0,0
2026-07-22 07:45:00,GBPUSD,1.33847,1.33851,1.33822,1.33834,-100.0,-1,pat_harami=-100,0,0,0,0,-100,0,0,0
2026-07-22 08:00:00,GBPUSD,1.33836,1.33861,1.33831,1.33849,0.0,0,none,0,0,0,0,0,0,0,0
2026-07-22 08:15:00,GBPUSD,1.33849,1.33869,1.33831,1.33834,-100.0,-1,pat_engulfing=-100,-100,0,0,0,0,0,0,0
2026-07-22 08:30:00,GBPUSD,1.33835,1.33838,1.33807,1.33813,0.0,0,none,0,0,0,0,0,0,0,0
2026-07-22 08:45:00,GBPUSD,1.33813,1.33839,1.33789,1.33805,0.0,0,none,0,0,0,0,0,0,0,0
2026-07-22 09:00:00,GBPUSD,1.33802,1.33911,1.33767,1.3384,100.0,1,pat_engulfing=100,100,0,0,0,0,0,0,0
2026-07-22 09:15:00,GBPUSD,1.3384,1.33844,1.337,1.33711,-100.0,-1,"pat_engulfing=-100,pat_marubozu=-100",-100,0,0,0,0,0,0,-100
2026-07-22 09:30:00,GBPUSD,1.3371,1.33754,1.33694,1.33748,0.0,0,none,0,0,0,0,0,0,0,0
2026-07-22 09:45:00,GBPUSD,1.33746,1.33798,1.33727,1.33798,0.0,0,none,0,0,0,0,0,0,0,0
2026-07-22 10:00:00,GBPUSD,1.33798,1.33855,1.33766,1.33849,0.0,0,none,0,0,0,0,0,0,0,0
2026-07-22 10:15:00,GBPUSD,1.33847,1.33904,1.3382,1.3387,0.0,0,none,0,0,0,0,0,0,0,0
2026-07-22 10:30:00,GBPUSD,1.33869,1.33954,1.33766,1.33791,0.0,0,none,0,0,0,0,0,0,0,0
2026-07-22 10:45:00,GBPUSD,1.3379,1.33846,1.33753,1.33822,0.0,0,none,0,0,0,0,0,0,0,0
2026-07-22 11:00:00,GBPUSD,1.33823,1.33833,1.33745,1.33749,-100.0,-1,pat_engulfing=-100,-100,0,0,0,0,0,0,0
2026-07-22 11:15:00,GBPUSD,1.33748,1.33802,1.33728,1.33776,0.0,0,none,0,0,0,0,0,0,0,0
2026-07-22 11:30:00,GBPUSD,1.33776,1.33841,1.33773,1.33805,0.0,0,none,0,0,0,0,0,0,0,0
2026-07-22 11:45:00,GBPUSD,1.33806,1.33807,1.33713,1.33738,-100.0,-1,pat_engulfing=-100,-100,0,0,0,0,0,0,0
2026-07-22 12:00:00,GBPUSD,1.33737,1.33749,1.33684,1.33692,0.0,0,none,0,0,0,0,0,0,0,0
2026-07-22 12:15:00,GBPUSD,1.33691,1.33721,1.3367,1.337,0.0,0,none,0,0,0,0,0,0,0,0
2026-07-22 12:30:00,GBPUSD,1.33701,1.33743,1.33684,1.33709,0.0,0,none,0,0,0,0,0,0,0,0
2026-07-22 12:45:00,GBPUSD,1.33708,1.3372,1.33663,1.3369,0.0,0,none,0,0,0,0,0,0,0,0
2026-07-22 13:00:00,GBPUSD,1.33691,1.33722,1.33663,1.3371,0.0,0,none,0,0,0,0,0,0,0,0
2026-07-22 13:15:00,GBPUSD,1.33711,1.33743,1.33685,1.33686,-100.0,-1,pat_engulfing=-100,-100,0,0,0,0,0,0,0
2026-07-22 13:30:00,GBPUSD,1.33686,1.33702,1.33656,1.33669,0.0,0,none,0,0,0,0,0,0,0,0
2026-07-22 13:45:00,GBPUSD,1.33666,1.3373,1.3366,1.33686,100.0,1,pat_engulfing=100,100,0,0,0,0,0,0,0
2026-07-22 14:00:00,GBPUSD,1.33686,1.33728,1.33684,1.33691,0.0,0,none,0,0,0,0,0,0,0,0
2026-07-22 14:15:00,GBPUSD,1.3369,1.33705,1.33638,1.3366,0.0,0,none,0,0,0,0,0,0,0,0
2026-07-22 14:30:00,GBPUSD,1.33661,1.33697,1.33637,1.33673,0.0,0,none,0,0,0,0,0,0,0,0
2026-07-22 14:45:00,GBPUSD,1.33671,1.33705,1.33652,1.33675,100.0,1,pat_doji=100,0,100,0,0,0,0,0,0
2026-07-22 15:00:00,GBPUSD,1.33677,1.33702,1.33652,1.33702,0.0,0,none,0,0,0,0,0,0,0,0
2026-07-22 15:15:00,GBPUSD,1.33701,1.33701,1.33652,1.33685,-100.0,-1,pat_harami=-100,0,0,0,0,-100,0,0,0
2026-07-22 15:30:00,GBPUSD,1.33685,1.33728,1.33652,1.33676,0.0,0,none,0,0,0,0,0,0,0,0
2026-07-22 15:45:00,GBPUSD,1.33677,1.33679,1.33545,1.33588,0.0,0,none,0,0,0,0,0,0,0,0
2026-07-22 16:00:00,GBPUSD,1.33589,1.33678,1.33588,1.33653,100.0,1,pat_harami=100,0,0,0,0,100,0,0,0
2026-07-22 16:15:00,GBPUSD,1.33653,1.33799,1.33636,1.33768,0.0,0,none,0,0,0,0,0,0,0,0
2026-07-22 16:30:00,GBPUSD,1.33774,1.33893,1.33769,1.33863,0.0,0,none,0,0,0,0,0,0,0,0
2026-07-22 16:45:00,GBPUSD,1.33862,1.33879,1.3381,1.33865,100.0,1,pat_doji=100,0,100,0,0,0,0,0,0
2026-07-22 17:00:00,GBPUSD,1.33867,1.33908,1.33819,1.33885,0.0,0,none,0,0,0,0,0,0,0,0
2026-07-22 17:15:00,GBPUSD,1.33886,1.33908,1.33799,1.33827,-100.0,-1,pat_engulfing=-100,-100,0,0,0,0,0,0,0
2026-07-22 17:30:00,GBPUSD,1.33824,1.33845,1.33779,1.33789,0.0,0,none,0,0,0,0,0,0,0,0
2026-07-22 17:45:00,GBPUSD,1.3379,1.3381,1.33722,1.33742,0.0,0,none,0,0,0,0,0,0,0,0
2026-07-22 18:00:00,GBPUSD,1.33742,1.33794,1.33724,1.33762,100.0,1,pat_harami=100,0,0,0,0,100,0,0,0
2026-07-22 18:15:00,GBPUSD,1.33762,1.33794,1.33722,1.33783,0.0,0,none,0,0,0,0,0,0,0,0
2026-07-22 18:30:00,GBPUSD,1.33784,1.33788,1.33711,1.33754,-100.0,-1,pat_engulfing=-100,-100,0,0,0,0,0,0,0
2026-07-22 18:45:00,GBPUSD,1.33755,1.33806,1.33733,1.33764,0.0,0,none,0,0,0,0,0,0,0,0
2026-07-22 19:00:00,GBPUSD,1.33764,1.33765,1.33677,1.33688,-100.0,-1,"pat_engulfing=-100,pat_marubozu=-100",-100,0,0,0,0,0,0,-100
2026-07-22 19:15:00,GBPUSD,1.33688,1.33714,1.33654,1.33711,0.0,0,none,0,0,0,0,0,0,0,0
2026-07-22 19:30:00,GBPUSD,1.33712,1.33728,1.33671,1.33706,0.0,0,none,0,0,0,0,0,0,0,0
2026-07-22 19:45:00,GBPUSD,1.33705,1.3374,1.33687,1.33731,100.0,1,pat_engulfing=100,100,0,0,0,0,0,0,0
2026-07-22 20:00:00,GBPUSD,1.33731,1.33744,1.33707,1.33713,0.0,0,none,0,0,0,0,0,0,0,0
2026-07-22 20:15:00,GBPUSD,1.3371,1.33739,1.33703,1.33731,100.0,1,pat_engulfing=100,100,0,0,0,0,0,0,0
2026-07-22 20:30:00,GBPUSD,1.3373,1.3373,1.33686,1.3371,0.0,0,none,0,0,0,0,0,0,0,0
2026-07-22 20:45:00,GBPUSD,1.3371,1.3373,1.33699,1.33715,100.0,1,pat_harami=100,0,0,0,0,100,0,0,0
2026-07-22 21:00:00,GBPUSD,1.33716,1.33726,1.33688,1.33699,-100.0,-1,pat_engulfing=-100,-100,0,0,0,0,0,0,0
2026-07-22 21:15:00,GBPUSD,1.33695,1.33731,1.33693,1.33728,100.0,1,"pat_engulfing=100,pat_marubozu=100",100,0,0,0,0,0,0,100
2026-07-22 21:30:00,GBPUSD,1.33727,1.33733,1.33703,1.33725,100.0,1,pat_doji=100,0,100,0,0,0,0,0,0
2026-07-22 21:45:00,GBPUSD,1.33726,1.33757,1.33721,1.3374,0.0,0,none,0,0,0,0,0,0,0,0
2026-07-22 22:00:00,GBPUSD,1.3374,1.33746,1.33711,1.33713,-100.0,-1,pat_engulfing=-100,-100,0,0,0,0,0,0,0
2026-07-22 22:15:00,GBPUSD,1.33714,1.33733,1.33708,1.33723,0.0,0,none,0,0,0,0,0,0,0,0
2026-07-22 22:30:00,GBPUSD,1.33723,1.33734,1.33709,1.33728,0.0,0,none,0,0,0,0,0,0,0,0
2026-07-22 22:45:00,GBPUSD,1.33729,1.33739,1.33706,1.33734,0.0,0,none,0,0,0,0,0,0,0,0
2026-07-22 23:00:00,GBPUSD,1.33733,1.33772,1.33731,1.33759,0.0,0,none,0,0,0,0,0,0,0,0
2026-07-22 23:15:00,GBPUSD,1.3376,1.33768,1.33754,1.33763,0.0,0,none,0,0,0,0,0,0,0,0
2026-07-22 23:30:00,GBPUSD,1.33762,1.33763,1.3374,1.3376,100.0,1,pat_doji=100,0,100,0,0,0,0,0,0
2026-07-22 23:45:00,GBPUSD,1.33759,1.33762,1.33747,1.33754,0.0,0,none,0,0,0,0,0,0,0,0
2026-07-23 00:00:00,GBPUSD,1.33708,1.33733,1.33696,1.33707,100.0,1,pat_doji=100,0,100,0,0,0,0,0,0
2026-07-23 00:15:00,GBPUSD,1.33697,1.33718,1.33674,1.33681,0.0,0,none,0,0,0,0,0,0,0,0
2026-07-23 00:30:00,GBPUSD,1.33681,1.33701,1.33659,1.33669,0.0,0,none,0,0,0,0,0,0,0,0
2026-07-23 00:45:00,GBPUSD,1.33669,1.33714,1.33663,1.33706,100.0,1,pat_engulfing=100,100,0,0,0,0,0,0,0
2026-07-23 01:00:00,GBPUSD,1.33735,1.3374,1.33684,1.33688,0.0,0,none,0,0,0,0,0,0,0,0
2026-07-23 01:15:00,GBPUSD,1.33688,1.33703,1.33683,1.33694,0.0,0,none,0,0,0,0,0,0,0,0
2026-07-23 01:30:00,GBPUSD,1.33694,1.33701,1.33671,1.33684,-100.0,-1,pat_engulfing=-100,-100,0,0,0,0,0,0,0
2026-07-20 23:45:00,USDCAD,1.40691,1.40705,1.40688,1.40701,0.0,0,none,0,0,0,0,0,0,0,0
2026-07-21 00:00:00,USDCAD,1.40684,1.40844,1.40661,1.40796,0.0,0,none,0,0,0,0,0,0,0,0
2026-07-21 00:15:00,USDCAD,1.40794,1.40827,1.40794,1.4082,0.0,0,none,0,0,0,0,0,0,0,0
2026-07-21 00:30:00,USDCAD,1.40821,1.40845,1.40788,1.40825,100.0,1,pat_doji=100,0,100,0,0,0,0,0,0
2026-07-21 00:45:00,USDCAD,1.40824,1.40831,1.40793,1.4081,-100.0,-1,pat_harami=-100,0,0,0,0,-100,0,0,0
2026-07-21 01:00:00,USDCAD,1.40812,1.40851,1.40806,1.4084,0.0,0,none,0,0,0,0,0,0,0,0
2026-07-21 01:15:00,USDCAD,1.4084,1.40841,1.40801,1.40808,-100.0,-1,pat_engulfing=-100,-100,0,0,0,0,0,0,0
2026-07-21 01:30:00,USDCAD,1.40808,1.40809,1.40792,1.40799,0.0,0,none,0,0,0,0,0,0,0,0
2026-07-21 01:45:00,USDCAD,1.40796,1.40797,1.40762,1.40784,0.0,0,none,0,0,0,0,0,0,0,0
2026-07-21 02:00:00,USDCAD,1.40783,1.40788,1.40765,1.4077,0.0,0,none,0,0,0,0,0,0,0,0
2026-07-21 02:15:00,USDCAD,1.4077,1.40778,1.40759,1.40778,0.0,0,none,0,0,0,0,0,0,0,0
2026-07-21 02:30:00,USDCAD,1.40776,1.40779,1.40767,1.40768,0.0,0,none,0,0,0,0,0,0,0,0
2026-07-21 02:45:00,USDCAD,1.40767,1.40769,1.40707,1.40715,0.0,0,none,0,0,0,0,0,0,0,0
2026-07-21 03:00:00,USDCAD,1.40715,1.40745,1.40696,1.40736,0.0,0,none,0,0,0,0,0,0,0,0
2026-07-21 03:15:00,USDCAD,1.40736,1.40771,1.40725,1.40766,0.0,0,none,0,0,0,0,0,0,0,0
2026-07-21 03:30:00,USDCAD,1.40767,1.40784,1.40745,1.40745,0.0,0,none,0,0,0,0,0,0,0,0
2026-07-21 03:45:00,USDCAD,1.40744,1.40745,1.4072,1.40744,100.0,1,pat_doji=100,0,100,0,0,0,0,0,0
2026-07-21 04:00:00,USDCAD,1.40743,1.40763,1.40734,1.40761,0.0,0,none,0,0,0,0,0,0,0,0
2026-07-21 04:15:00,USDCAD,1.4076,1.40769,1.40727,1.4074,0.0,0,none,0,0,0,0,0,0,0,0
2026-07-21 04:30:00,USDCAD,1.40738,1.40766,1.40726,1.40758,0.0,0,none,0,0,0,0,0,0,0,0
2026-07-21 04:45:00,USDCAD,1.40758,1.40765,1.40732,1.40747,-100.0,-1,pat_harami=-100,0,0,0,0,-100,0,0,0
2026-07-21 05:00:00,USDCAD,1.40748,1.40758,1.40719,1.40757,100.0,1,pat_hammer=100,0,0,100,0,0,0,0,0
2026-07-21 05:15:00,USDCAD,1.40757,1.40788,1.40757,1.40788,100.0,1,pat_marubozu=100,0,0,0,0,0,0,0,100
2026-07-21 05:30:00,USDCAD,1.40788,1.40788,1.40742,1.40766,0.0,0,none,0,0,0,0,0,0,0,0
2026-07-21 05:45:00,USDCAD,1.40766,1.40805,1.40762,1.40804,100.0,1,"pat_engulfing=100,pat_marubozu=100",100,0,0,0,0,0,0,100
2026-07-21 06:00:00,USDCAD,1.40805,1.40812,1.40765,1.40798,0.0,0,none,0,0,0,0,0,0,0,0
2026-07-21 06:15:00,USDCAD,1.40798,1.40799,1.40769,1.40777,0.0,0,none,0,0,0,0,0,0,0,0
2026-07-21 06:30:00,USDCAD,1.40777,1.408,1.40765,1.40797,0.0,0,none,0,0,0,0,0,0,0,0
2026-07-21 06:45:00,USDCAD,1.40798,1.40798,1.40776,1.40792,-100.0,-1,pat_harami=-100,0,0,0,0,-100,0,0,0
2026-07-21 07:00:00,USDCAD,1.40795,1.40795,1.40769,1.40771,-100.0,-1,pat_marubozu=-100,0,0,0,0,0,0,0,-100
2026-07-21 07:15:00,USDCAD,1.40771,1.40778,1.40765,1.40777,0.0,0,none,0,0,0,0,0,0,0,0
2026-07-21 07:30:00,USDCAD,1.40776,1.40776,1.40715,1.4073,0.0,0,none,0,0,0,0,0,0,0,0
2026-07-21 07:45:00,USDCAD,1.40729,1.40738,1.40715,1.40716,0.0,0,none,0,0,0,0,0,0,0,0
2026-07-21 08:00:00,USDCAD,1.40717,1.40731,1.407,1.40726,0.0,0,none,0,0,0,0,0,0,0,0
2026-07-21 08:15:00,USDCAD,1.40727,1.40727,1.40706,1.40707,-100.0,-1,"pat_engulfing=-100,pat_harami=-100,pat_marubozu=-100",-100,0,0,0,-100,0,0,-100
2026-07-21 08:30:00,USDCAD,1.40708,1.40708,1.40674,1.40679,-100.0,-1,pat_marubozu=-100,0,0,0,0,0,0,0,-100
2026-07-21 08:45:00,USDCAD,1.4068,1.40717,1.40677,1.40709,0.0,0,none,0,0,0,0,0,0,0,0
2026-07-21 09:00:00,USDCAD,1.40709,1.40753,1.40686,1.40752,0.0,0,none,0,0,0,0,0,0,0,0
2026-07-21 09:15:00,USDCAD,1.40752,1.40776,1.40703,1.40704,-100.0,-1,pat_engulfing=-100,-100,0,0,0,0,0,0,0
2026-07-21 09:30:00,USDCAD,1.40703,1.40709,1.40671,1.40699,0.0,0,none,0,0,0,0,0,0,0,0
2026-07-21 09:45:00,USDCAD,1.40699,1.40699,1.40625,1.40638,0.0,0,none,0,0,0,0,0,0,0,0
2026-07-21 10:00:00,USDCAD,1.40638,1.4064,1.4058,1.40621,0.0,0,none,0,0,0,0,0,0,0,0
2026-07-21 10:15:00,USDCAD,1.40621,1.40631,1.40584,1.40631,100.0,1,"pat_hammer=100,pat_harami=100",0,0,100,0,100,0,0,0
2026-07-21 10:30:00,USDCAD,1.40631,1.40668,1.40606,1.4066,0.0,0,none,0,0,0,0,0,0,0,0
2026-07-21 10:45:00,USDCAD,1.4066,1.40672,1.40633,1.40651,0.0,0,none,0,0,0,0,0,0,0,0
2026-07-21 11:00:00,USDCAD,1.40651,1.40669,1.40637,1.40665,100.0,1,"pat_engulfing=100,pat_harami=100",100,0,0,0,100,0,0,0
2026-07-21 11:15:00,USDCAD,1.40664,1.40677,1.40645,1.40671,100.0,1,pat_hammer=100,0,0,100,0,0,0,0,0
2026-07-21 11:30:00,USDCAD,1.4067,1.40693,1.40658,1.40664,-100.0,-1,pat_shooting_star=-100,0,0,0,-100,0,0,0,0
2026-07-21 11:45:00,USDCAD,1.40662,1.40676,1.4065,1.40662,100.0,1,pat_doji=100,0,100,0,0,0,0,0,0
2026-07-21 12:00:00,USDCAD,1.40662,1.4067,1.40638,1.40639,0.0,0,none,0,0,0,0,0,0,0,0
2026-07-21 12:15:00,USDCAD,1.40639,1.40651,1.40617,1.40648,100.0,1,pat_hammer=100,0,0,100,0,0,0,0,0
2026-07-21 12:30:00,USDCAD,1.40648,1.40649,1.40558,1.40565,-100.0,-1,"pat_engulfing=-100,pat_marubozu=-100",-100,0,0,0,0,0,0,-100
2026-07-21 12:45:00,USDCAD,1.40566,1.40594,1.40557,1.40574,0.0,0,none,0,0,0,0,0,0,0,0
2026-07-21 13:00:00,USDCAD,1.40574,1.40593,1.40541,1.4059,100.0,1,pat_hammer=100,0,0,100,0,0,0,0,0
2026-07-21 13:15:00,USDCAD,1.40589,1.40592,1.40559,1.40579,-100.0,-1,pat_harami=-100,0,0,0,0,-100,0,0,0
2026-07-21 13:30:00,USDCAD,1.40579,1.40621,1.40569,1.40618,100.0,1,pat_engulfing=100,100,0,0,0,0,0,0,0
2026-07-21 13:45:00,USDCAD,1.40619,1.40628,1.40597,1.40606,0.0,0,none,0,0,0,0,0,0,0,0
2026-07-21 14:00:00,USDCAD,1.40606,1.40637,1.40575,1.40608,100.0,1,pat_doji=100,0,100,0,0,0,0,0,0
2026-07-21 14:15:00,USDCAD,1.40607,1.40666,1.40583,1.40655,0.0,0,none,0,0,0,0,0,0,0,0
2026-07-21 14:30:00,USDCAD,1.40656,1.40671,1.40628,1.40659,100.0,1,pat_doji=100,0,100,0,0,0,0,0,0
2026-07-21 14:45:00,USDCAD,1.40659,1.40703,1.40659,1.40662,100.0,1,pat_doji=100,0,100,0,0,0,0,0,0
2026-07-21 15:00:00,USDCAD,1.40662,1.40787,1.40655,1.40766,0.0,0,none,0,0,0,0,0,0,0,0
2026-07-21 15:15:00,USDCAD,1.40766,1.40815,1.40728,1.40769,100.0,1,pat_doji=100,0,100,0,0,0,0,0,0
2026-07-21 15:30:00,USDCAD,1.40769,1.40782,1.40734,1.40776,100.0,1,pat_hammer=100,0,0,100,0,0,0,0,0
2026-07-21 15:45:00,USDCAD,1.40775,1.40785,1.40733,1.40757,0.0,0,none,0,0,0,0,0,0,0,0
2026-07-21 16:00:00,USDCAD,1.40754,1.40796,1.40745,1.40793,100.0,1,pat_engulfing=100,100,0,0,0,0,0,0,0
2026-07-21 16:15:00,USDCAD,1.40795,1.40897,1.40789,1.40873,0.0,0,none,0,0,0,0,0,0,0,0
2026-07-21 16:30:00,USDCAD,1.40873,1.40874,1.40789,1.40839,-100.0,-1,pat_harami=-100,0,0,0,0,-100,0,0,0
2026-07-21 16:45:00,USDCAD,1.4084,1.40889,1.40781,1.40884,0.0,0,none,0,0,0,0,0,0,0,0
2026-07-21 17:00:00,USDCAD,1.40883,1.40885,1.40767,1.40787,0.0,0,none,0,0,0,0,0,0,0,0
2026-07-21 17:15:00,USDCAD,1.40787,1.40925,1.40787,1.40922,100.0,1,"pat_engulfing=100,pat_marubozu=100",100,0,0,0,0,0,0,100
2026-07-21 17:30:00,USDCAD,1.40921,1.40957,1.40891,1.40905,-100.0,-1,pat_shooting_star=-100,0,0,0,-100,0,0,0,0
2026-07-21 17:45:00,USDCAD,1.40905,1.40997,1.409,1.40916,0.0,0,none,0,0,0,0,0,0,0,0
2026-07-21 18:00:00,USDCAD,1.40915,1.40978,1.40895,1.40971,0.0,0,none,0,0,0,0,0,0,0,0
2026-07-21 18:15:00,USDCAD,1.40972,1.4098,1.40933,1.40954,0.0,0,none,0,0,0,0,0,0,0,0
2026-07-21 18:30:00,USDCAD,1.40954,1.40967,1.40912,1.40965,100.0,1,pat_hammer=100,0,0,100,0,0,0,0,0
2026-07-21 18:45:00,USDCAD,1.40965,1.41019,1.40962,1.40979,0.0,0,none,0,0,0,0,0,0,0,0
2026-07-21 19:00:00,USDCAD,1.40979,1.41025,1.40975,1.41012,0.0,0,none,0,0,0,0,0,0,0,0
2026-07-21 19:15:00,USDCAD,1.41013,1.41014,1.40988,1.41007,-100.0,-1,pat_harami=-100,0,0,0,0,-100,0,0,0
2026-07-21 19:30:00,USDCAD,1.41014,1.41049,1.40991,1.40996,0.0,0,none,0,0,0,0,0,0,0,0
2026-07-21 19:45:00,USDCAD,1.40997,1.41,1.40968,1.4098,0.0,0,none,0,0,0,0,0,0,0,0
2026-07-21 20:00:00,USDCAD,1.40979,1.41018,1.40952,1.41006,100.0,1,pat_engulfing=100,100,0,0,0,0,0,0,0
2026-07-21 20:15:00,USDCAD,1.41005,1.41024,1.40989,1.4099,0.0,0,none,0,0,0,0,0,0,0,0
2026-07-21 20:30:00,USDCAD,1.4099,1.41045,1.40989,1.41027,100.0,1,pat_engulfing=100,100,0,0,0,0,0,0,0
2026-07-21 20:45:00,USDCAD,1.41026,1.41053,1.41019,1.4102,-100.0,-1,pat_shooting_star=-100,0,0,0,-100,0,0,0,0
2026-07-21 21:00:00,USDCAD,1.4102,1.41084,1.4102,1.41077,100.0,1,"pat_engulfing=100,pat_marubozu=100",100,0,0,0,0,0,0,100
2026-07-21 21:15:00,USDCAD,1.41077,1.41089,1.41057,1.41059,0.0,0,none,0,0,0,0,0,0,0,0
2026-07-21 21:30:00,USDCAD,1.4106,1.41107,1.41056,1.41096,0.0,0,none,0,0,0,0,0,0,0,0
2026-07-21 21:45:00,USDCAD,1.41096,1.411,1.41066,1.41072,-100.0,-1,pat_harami=-100,0,0,0,0,-100,0,0,0
2026-07-21 22:00:00,USDCAD,1.41072,1.41088,1.41054,1.41085,0.0,0,none,0,0,0,0,0,0,0,0
2026-07-21 22:15:00,USDCAD,1.41086,1.41096,1.41053,1.41055,-100.0,-1,pat_engulfing=-100,-100,0,0,0,0,0,0,0
2026-07-21 22:30:00,USDCAD,1.41056,1.4111,1.41054,1.411,0.0,0,none,0,0,0,0,0,0,0,0
2026-07-21 22:45:00,USDCAD,1.411,1.41104,1.41053,1.41059,0.0,0,none,0,0,0,0,0,0,0,0
2026-07-21 23:00:00,USDCAD,1.4106,1.41068,1.41041,1.41054,0.0,0,none,0,0,0,0,0,0,0,0
2026-07-21 23:15:00,USDCAD,1.41055,1.41087,1.41053,1.41054,0.0,0,"pat_doji=100,pat_shooting_star=-100",0,100,0,-100,0,0,0,0
2026-07-21 23:30:00,USDCAD,1.41055,1.41069,1.41051,1.41062,0.0,0,none,0,0,0,0,0,0,0,0
2026-07-21 23:45:00,USDCAD,1.41062,1.4111,1.41038,1.41104,0.0,0,none,0,0,0,0,0,0,0,0
2026-07-22 00:00:00,USDCAD,1.41066,1.41066,1.41056,1.41058,-100.0,-1,pat_harami=-100,0,0,0,0,-100,0,0,0
2026-07-22 00:15:00,USDCAD,1.41058,1.41072,1.41054,1.41068,100.0,1,pat_engulfing=100,100,0,0,0,0,0,0,0
2026-07-22 00:30:00,USDCAD,1.41065,1.41082,1.41058,1.41073,0.0,0,none,0,0,0,0,0,0,0,0
2026-07-22 00:45:00,USDCAD,1.4107,1.41082,1.41065,1.41075,0.0,0,none,0,0,0,0,0,0,0,0
2026-07-22 01:00:00,USDCAD,1.41082,1.41109,1.41056,1.41077,100.0,1,pat_doji=100,0,100,0,0,0,0,0,0
2026-07-22 01:15:00,USDCAD,1.41077,1.41081,1.41071,1.41072,0.0,0,none,0,0,0,0,0,0,0,0
2026-07-22 01:30:00,USDCAD,1.41072,1.41078,1.41069,1.41078,100.0,1,pat_engulfing=100,100,0,0,0,0,0,0,0
2026-07-22 01:45:00,USDCAD,1.41078,1.41104,1.41078,1.41098,0.0,0,none,0,0,0,0,0,0,0,0
2026-07-22 02:00:00,USDCAD,1.41098,1.41111,1.41096,1.41102,0.0,0,none,0,0,0,0,0,0,0,0
2026-07-22 02:15:00,USDCAD,1.41101,1.41113,1.41097,1.41103,0.0,0,none,0,0,0,0,0,0,0,0
2026-07-22 02:30:00,USDCAD,1.41102,1.41102,1.41076,1.41082,0.0,0,none,0,0,0,0,0,0,0,0
2026-07-22 02:45:00,USDCAD,1.41082,1.41094,1.41055,1.41056,0.0,0,none,0,0,0,0,0,0,0,0
2026-07-22 03:00:00,USDCAD,1.41053,1.41077,1.41037,1.41041,0.0,0,none,0,0,0,0,0,0,0,0
2026-07-22 03:15:00,USDCAD,1.4104,1.41046,1.41011,1.41016,0.0,0,none,0,0,0,0,0,0,0,0
2026-07-22 03:30:00,USDCAD,1.41014,1.41066,1.4101,1.4106,100.0,1,pat_engulfing=100,100,0,0,0,0,0,0,0
2026-07-22 03:45:00,USDCAD,1.4106,1.41079,1.41044,1.41051,-100.0,-1,pat_shooting_star=-100,0,0,0,-100,0,0,0,0
2026-07-22 04:00:00,USDCAD,1.4105,1.4105,1.40991,1.40997,-100.0,-1,pat_marubozu=-100,0,0,0,0,0,0,0,-100
2026-07-22 04:15:00,USDCAD,1.40998,1.41045,1.40994,1.41035,100.0,1,pat_harami=100,0,0,0,0,100,0,0,0
2026-07-22 04:30:00,USDCAD,1.41034,1.41065,1.41033,1.41048,0.0,0,none,0,0,0,0,0,0,0,0
2026-07-22 04:45:00,USDCAD,1.41048,1.41053,1.41034,1.41039,-100.0,-1,pat_harami=-100,0,0,0,0,-100,0,0,0
2026-07-22 05:00:00,USDCAD,1.41038,1.41066,1.41031,1.41052,100.0,1,pat_engulfing=100,100,0,0,0,0,0,0,0
2026-07-22 05:15:00,USDCAD,1.41052,1.41063,1.41021,1.41035,-100.0,-1,pat_engulfing=-100,-100,0,0,0,0,0,0,0
2026-07-22 05:30:00,USDCAD,1.41036,1.41061,1.41028,1.4106,100.0,1,pat_harami=100,0,0,0,0,100,0,0,0
2026-07-22 05:45:00,USDCAD,1.41059,1.41071,1.41043,1.41049,0.0,0,none,0,0,0,0,0,0,0,0
2026-07-22 06:00:00,USDCAD,1.4105,1.41064,1.4103,1.41052,100.0,1,pat_doji=100,0,100,0,0,0,0,0,0
2026-07-22 06:15:00,USDCAD,1.41052,1.41053,1.41025,1.41042,-100.0,-1,pat_engulfing=-100,-100,0,0,0,0,0,0,0
2026-07-22 06:30:00,USDCAD,1.41042,1.41067,1.41039,1.41063,100.0,1,pat_engulfing=100,100,0,0,0,0,0,0,0
2026-07-22 06:45:00,USDCAD,1.41063,1.41064,1.41049,1.41053,-100.0,-1,pat_harami=-100,0,0,0,0,-100,0,0,0
2026-07-22 07:00:00,USDCAD,1.41053,1.41081,1.41047,1.41073,100.0,1,pat_engulfing=100,100,0,0,0,0,0,0,0
2026-07-22 07:15:00,USDCAD,1.41072,1.41077,1.41061,1.41064,-100.0,-1,pat_harami=-100,0,0,0,0,-100,0,0,0
2026-07-22 07:30:00,USDCAD,1.41063,1.41066,1.41045,1.41046,0.0,0,none,0,0,0,0,0,0,0,0
2026-07-22 07:45:00,USDCAD,1.41045,1.41059,1.41045,1.41051,100.0,1,pat_harami=100,0,0,0,0,100,0,0,0
2026-07-22 08:00:00,USDCAD,1.4105,1.41056,1.41041,1.41049,100.0,1,pat_doji=100,0,100,0,0,0,0,0,0
2026-07-22 08:15:00,USDCAD,1.41049,1.41056,1.41032,1.41055,100.0,1,"pat_engulfing=100,pat_hammer=100",100,0,100,0,0,0,0,0
2026-07-22 08:30:00,USDCAD,1.41054,1.41063,1.41044,1.41051,0.0,0,none,0,0,0,0,0,0,0,0
2026-07-22 08:45:00,USDCAD,1.41052,1.41065,1.41029,1.41031,0.0,0,none,0,0,0,0,0,0,0,0
2026-07-22 09:00:00,USDCAD,1.41033,1.41033,1.40984,1.41022,0.0,0,none,0,0,0,0,0,0,0,0
2026-07-22 09:15:00,USDCAD,1.41022,1.41034,1.40989,1.41032,100.0,1,pat_hammer=100,0,0,100,0,0,0,0,0
2026-07-22 09:30:00,USDCAD,1.41032,1.41046,1.40981,1.40983,-100.0,-1,pat_engulfing=-100,-100,0,0,0,0,0,0,0
2026-07-22 09:45:00,USDCAD,1.40983,1.41015,1.40979,1.40983,100.0,1,pat_doji=100,0,100,0,0,0,0,0,0
2026-07-22 10:00:00,USDCAD,1.40983,1.40992,1.40889,1.4089,-100.0,-1,pat_marubozu=-100,0,0,0,0,0,0,0,-100
2026-07-22 10:15:00,USDCAD,1.4089,1.40899,1.40852,1.40853,0.0,0,none,0,0,0,0,0,0,0,0
2026-07-22 10:30:00,USDCAD,1.40852,1.40929,1.40824,1.40914,100.0,1,pat_engulfing=100,100,0,0,0,0,0,0,0
2026-07-22 10:45:00,USDCAD,1.40915,1.40934,1.40867,1.409,0.0,0,none,0,0,0,0,0,0,0,0
2026-07-22 11:00:00,USDCAD,1.40899,1.40959,1.40897,1.40942,100.0,1,pat_engulfing=100,100,0,0,0,0,0,0,0
2026-07-22 11:15:00,USDCAD,1.40943,1.40965,1.40935,1.40938,-100.0,-1,pat_shooting_star=-100,0,0,0,-100,0,0,0,0
2026-07-22 11:30:00,USDCAD,1.40938,1.4094,1.40907,1.40918,0.0,0,none,0,0,0,0,0,0,0,0
2026-07-22 11:45:00,USDCAD,1.40919,1.40949,1.40916,1.4094,0.0,0,none,0,0,0,0,0,0,0,0
2026-07-22 12:00:00,USDCAD,1.4094,1.40949,1.40918,1.40931,-100.0,-1,pat_harami=-100,0,0,0,0,-100,0,0,0
2026-07-22 12:15:00,USDCAD,1.40932,1.40962,1.40927,1.40951,0.0,0,none,0,0,0,0,0,0,0,0
2026-07-22 12:30:00,USDCAD,1.40951,1.40974,1.40938,1.40968,0.0,0,none,0,0,0,0,0,0,0,0
2026-07-22 12:45:00,USDCAD,1.40969,1.40999,1.40953,1.40959,-100.0,-1,pat_shooting_star=-100,0,0,0,-100,0,0,0,0
2026-07-22 13:00:00,USDCAD,1.40959,1.4102,1.40956,1.41012,100.0,1,pat_engulfing=100,100,0,0,0,0,0,0,0
2026-07-22 13:15:00,USDCAD,1.41013,1.41051,1.40995,1.41043,0.0,0,none,0,0,0,0,0,0,0,0
2026-07-22 13:30:00,USDCAD,1.41044,1.41049,1.40993,1.40993,-100.0,-1,"pat_engulfing=-100,pat_marubozu=-100",-100,0,0,0,0,0,0,-100
2026-07-22 13:45:00,USDCAD,1.40993,1.41015,1.40983,1.41012,0.0,0,none,0,0,0,0,0,0,0,0
2026-07-22 14:00:00,USDCAD,1.41012,1.41015,1.40973,1.40987,-100.0,-1,pat_engulfing=-100,-100,0,0,0,0,0,0,0
2026-07-22 14:15:00,USDCAD,1.40987,1.40987,1.40941,1.4095,0.0,0,none,0,0,0,0,0,0,0,0
2026-07-22 14:30:00,USDCAD,1.4095,1.40956,1.40911,1.40924,0.0,0,none,0,0,0,0,0,0,0,0
2026-07-22 14:45:00,USDCAD,1.40925,1.40949,1.40897,1.40902,0.0,0,none,0,0,0,0,0,0,0,0
2026-07-22 15:00:00,USDCAD,1.40901,1.40901,1.40835,1.40838,-100.0,-1,pat_marubozu=-100,0,0,0,0,0,0,0,-100
2026-07-22 15:15:00,USDCAD,1.40838,1.40867,1.40818,1.40863,0.0,0,none,0,0,0,0,0,0,0,0
2026-07-22 15:30:00,USDCAD,1.40863,1.40864,1.40809,1.40846,0.0,0,none,0,0,0,0,0,0,0,0
2026-07-22 15:45:00,USDCAD,1.40847,1.40944,1.40844,1.40914,0.0,0,none,0,0,0,0,0,0,0,0
2026-07-22 16:00:00,USDCAD,1.40914,1.40915,1.40855,1.40882,-100.0,-1,pat_harami=-100,0,0,0,0,-100,0,0,0
2026-07-22 16:15:00,USDCAD,1.40882,1.40923,1.40851,1.40862,-100.0,-1,pat_shooting_star=-100,0,0,0,-100,0,0,0,0
2026-07-22 16:30:00,USDCAD,1.40862,1.40862,1.40763,1.40805,0.0,0,none,0,0,0,0,0,0,0,0
2026-07-22 16:45:00,USDCAD,1.40804,1.4093,1.40802,1.40901,100.0,1,pat_engulfing=100,100,0,0,0,0,0,0,0
2026-07-22 17:00:00,USDCAD,1.409,1.40906,1.40823,1.40845,-100.0,-1,pat_harami=-100,0,0,0,0,-100,0,0,0
2026-07-22 17:15:00,USDCAD,1.40844,1.40863,1.40811,1.40826,0.0,0,none,0,0,0,0,0,0,0,0
2026-07-22 17:30:00,USDCAD,1.40827,1.40887,1.40824,1.40855,0.0,0,none,0,0,0,0,0,0,0,0
2026-07-22 17:45:00,USDCAD,1.40855,1.4089,1.40791,1.40844,0.0,0,none,0,0,0,0,0,0,0,0
2026-07-22 18:00:00,USDCAD,1.40844,1.40866,1.40811,1.40837,0.0,0,none,0,0,0,0,0,0,0,0
2026-07-22 18:15:00,USDCAD,1.40838,1.40877,1.40831,1.40847,0.0,0,none,0,0,0,0,0,0,0,0
2026-07-22 18:30:00,USDCAD,1.40847,1.40878,1.40837,1.40854,0.0,0,none,0,0,0,0,0,0,0,0
2026-07-22 18:45:00,USDCAD,1.40853,1.40868,1.40841,1.40851,0.0,0,"pat_doji=100,pat_harami=-100",0,100,0,0,-100,0,0,0
2026-07-22 19:00:00,USDCAD,1.4085,1.40903,1.40844,1.40899,100.0,1,pat_engulfing=100,100,0,0,0,0,0,0,0
2026-07-22 19:15:00,USDCAD,1.40899,1.40933,1.40895,1.40904,0.0,0,none,0,0,0,0,0,0,0,0
2026-07-22 19:30:00,USDCAD,1.40904,1.40942,1.40903,1.40927,0.0,0,none,0,0,0,0,0,0,0,0
2026-07-22 19:45:00,USDCAD,1.40927,1.40947,1.40926,1.40933,0.0,0,none,0,0,0,0,0,0,0,0
2026-07-22 20:00:00,USDCAD,1.40933,1.40937,1.40905,1.40908,-100.0,-1,pat_engulfing=-100,-100,0,0,0,0,0,0,0
2026-07-22 20:15:00,USDCAD,1.40907,1.40917,1.40902,1.40908,100.0,1,pat_doji=100,0,100,0,0,0,0,0,0
2026-07-22 20:30:00,USDCAD,1.40908,1.40948,1.40908,1.4094,0.0,0,none,0,0,0,0,0,0,0,0
2026-07-22 20:45:00,USDCAD,1.40939,1.40939,1.40921,1.40925,-100.0,-1,pat_harami=-100,0,0,0,0,-100,0,0,0
2026-07-22 21:00:00,USDCAD,1.40926,1.40937,1.40912,1.40924,100.0,1,pat_doji=100,0,100,0,0,0,0,0,0
2026-07-22 21:15:00,USDCAD,1.40923,1.40926,1.40891,1.40894,0.0,0,none,0,0,0,0,0,0,0,0
2026-07-22 21:30:00,USDCAD,1.40894,1.40902,1.40872,1.40877,0.0,0,none,0,0,0,0,0,0,0,0
2026-07-22 21:45:00,USDCAD,1.40877,1.40879,1.40851,1.40854,0.0,0,none,0,0,0,0,0,0,0,0
2026-07-22 22:00:00,USDCAD,1.40854,1.40877,1.40847,1.40875,0.0,0,none,0,0,0,0,0,0,0,0
2026-07-22 22:15:00,USDCAD,1.40875,1.40878,1.40864,1.40867,0.0,0,none,0,0,0,0,0,0,0,0
2026-07-22 22:30:00,USDCAD,1.40867,1.40882,1.40852,1.40859,0.0,0,none,0,0,0,0,0,0,0,0
2026-07-22 22:45:00,USDCAD,1.40858,1.40876,1.40842,1.40842,0.0,0,none,0,0,0,0,0,0,0,0
2026-07-22 23:00:00,USDCAD,1.40843,1.40855,1.40814,1.40816,0.0,0,none,0,0,0,0,0,0,0,0
2026-07-22 23:15:00,USDCAD,1.40816,1.40836,1.40806,1.40826,0.0,0,none,0,0,0,0,0,0,0,0
2026-07-22 23:30:00,USDCAD,1.40825,1.40854,1.40822,1.40848,0.0,0,none,0,0,0,0,0,0,0,0
2026-07-22 23:45:00,USDCAD,1.40848,1.40881,1.40847,1.40871,0.0,0,none,0,0,0,0,0,0,0,0
2026-07-23 00:00:00,USDCAD,1.40765,1.40792,1.40755,1.40792,0.0,0,none,0,0,0,0,0,0,0,0
2026-07-23 00:15:00,USDCAD,1.40792,1.4082,1.40781,1.40784,-100.0,-1,pat_shooting_star=-100,0,0,0,-100,0,0,0,0
2026-07-23 00:30:00,USDCAD,1.40784,1.40849,1.40768,1.40825,100.0,1,pat_engulfing=100,100,0,0,0,0,0,0,0
2026-07-23 00:45:00,USDCAD,1.40834,1.4084,1.40811,1.40823,-100.0,-1,pat_harami=-100,0,0,0,0,-100,0,0,0
2026-07-23 01:00:00,USDCAD,1.40849,1.40884,1.40839,1.40881,0.0,0,none,0,0,0,0,0,0,0,0
2026-07-23 01:15:00,USDCAD,1.4088,1.40882,1.40873,1.40881,0.0,0,none,0,0,0,0,0,0,0,0
2026-07-23 01:30:00,USDCAD,1.4088,1.40897,1.40878,1.40893,0.0,0,none,0,0,0,0,0,0,0,0
2026-07-20 23:45:00,BTCUSD,65258.49,65333.86,65258.46,65310.91,0.0,0,none,0,0,0,0,0,0,0,0
2026-07-21 00:00:00,BTCUSD,65278.36,65329.69,65218.41,65275.51,100.0,1,pat_doji=100,0,100,0,0,0,0,0,0
2026-07-21 00:15:00,BTCUSD,65274.68,65315.4,65247.94,65262.01,0.0,0,none,0,0,0,0,0,0,0,0
2026-07-21 00:30:00,BTCUSD,65262.07,65397.53,65262.07,65306.09,0.0,0,none,0,0,0,0,0,0,0,0
2026-07-21 00:45:00,BTCUSD,65306.8,65344.06,65222.78,65238.84,-100.0,-1,pat_engulfing=-100,-100,0,0,0,0,0,0,0
2026-07-21 01:00:00,BTCUSD,65238.91,65240.52,65087.6,65156.48,0.0,0,none,0,0,0,0,0,0,0,0
2026-07-21 01:15:00,BTCUSD,65156.59,65211.79,65096.73,65167.81,100.0,1,"pat_doji=100,pat_harami=100",0,100,0,0,100,0,0,0
2026-07-21 01:30:00,BTCUSD,65168.33,65190.09,65034.7,65091.77,-100.0,-1,pat_engulfing=-100,-100,0,0,0,0,0,0,0
2026-07-21 01:45:00,BTCUSD,65091.59,65112.61,65070.47,65102.74,100.0,1,pat_harami=100,0,0,0,0,100,0,0,0
2026-07-21 02:00:00,BTCUSD,65102.77,65188.9,65081.37,65111.32,100.0,1,pat_doji=100,0,100,0,0,0,0,0,0
2026-07-21 02:15:00,BTCUSD,65113.81,65216.42,65113.81,65198.08,0.0,0,none,0,0,0,0,0,0,0,0
2026-07-21 02:30:00,BTCUSD,65197.95,65222.65,65149.33,65179.62,0.0,0,none,0,0,0,0,0,0,0,0
2026-07-21 02:45:00,BTCUSD,65179.54,65231.87,65113.55,65208.23,100.0,1,"pat_engulfing=100,pat_hammer=100",100,0,100,0,0,0,0,0
2026-07-21 03:00:00,BTCUSD,65207.97,65213.05,65106.76,65138.32,0.0,0,none,0,0,0,0,0,0,0,0
2026-07-21 03:15:00,BTCUSD,65138.6,65392.92,65097.62,65304.17,0.0,0,none,0,0,0,0,0,0,0,0
2026-07-21 03:30:00,BTCUSD,65303.98,65510.69,65291.98,65444.81,0.0,0,none,0,0,0,0,0,0,0,0
2026-07-21 03:45:00,BTCUSD,65446.79,65544.54,65435.43,65515.3,0.0,0,none,0,0,0,0,0,0,0,0
2026-07-21 04:00:00,BTCUSD,65513.37,65616.48,65418.14,65503.07,100.0,1,pat_doji=100,0,100,0,0,0,0,0,0
2026-07-21 04:15:00,BTCUSD,65501.41,65506.62,65380.81,65392.97,-100.0,-1,pat_marubozu=-100,0,0,0,0,0,0,0,-100
2026-07-21 04:30:00,BTCUSD,65393.27,65434.76,65274.42,65291.8,0.0,0,none,0,0,0,0,0,0,0,0
2026-07-21 04:45:00,BTCUSD,65293.85,65293.85,65181.46,65188.48,-100.0,-1,pat_marubozu=-100,0,0,0,0,0,0,0,-100
2026-07-21 05:00:00,BTCUSD,65188.97,65366.32,65184.16,65252.85,0.0,0,none,0,0,0,0,0,0,0,0
2026-07-21 05:15:00,BTCUSD,65251.41,65271.16,65119.27,65218.73,0.0,0,none,0,0,0,0,0,0,0,0
2026-07-21 05:30:00,BTCUSD,65218.66,65320.53,65216.53,65302.46,100.0,1,pat_engulfing=100,100,0,0,0,0,0,0,0
2026-07-21 05:45:00,BTCUSD,65302.23,65473.89,65255.95,65362.96,0.0,0,none,0,0,0,0,0,0,0,0
2026-07-21 06:00:00,BTCUSD,65363.16,65492.06,65344.22,65440.19,0.0,0,none,0,0,0,0,0,0,0,0
2026-07-21 06:15:00,BTCUSD,65442.06,65491.48,65381.05,65435.14,0.0,0,"pat_doji=100,pat_harami=-100",0,100,0,0,-100,0,0,0
2026-07-21 06:30:00,BTCUSD,65435.15,65510.43,65391.57,65487.49,0.0,0,none,0,0,0,0,0,0,0,0
2026-07-21 06:45:00,BTCUSD,65486.78,65566.16,65398.14,65518.91,0.0,0,none,0,0,0,0,0,0,0,0
2026-07-21 07:00:00,BTCUSD,65518.76,65704.89,65469.21,65554.97,0.0,0,none,0,0,0,0,0,0,0,0
2026-07-21 07:15:00,BTCUSD,65554.76,65633.94,65467.62,65472.06,0.0,0,none,0,0,0,0,0,0,0,0
2026-07-21 07:30:00,BTCUSD,65472.1,65527.02,65447.67,65483.25,0.0,0,none,0,0,0,0,0,0,0,0
2026-07-21 07:45:00,BTCUSD,65483.32,65508.51,65423.78,65466.91,-100.0,-1,pat_engulfing=-100,-100,0,0,0,0,0,0,0
2026-07-21 08:00:00,BTCUSD,65466.65,65512.72,65429.98,65492.81,100.0,1,pat_engulfing=100,100,0,0,0,0,0,0,0
2026-07-21 08:15:00,BTCUSD,65493.3,65604.5,65431.6,65545.18,0.0,0,none,0,0,0,0,0,0,0,0
2026-07-21 08:30:00,BTCUSD,65545.2,65632.93,65498.68,65593.9,0.0,0,none,0,0,0,0,0,0,0,0
2026-07-21 08:45:00,BTCUSD,65593.75,65953.48,65552.59,65695.68,0.0,0,none,0,0,0,0,0,0,0,0
2026-07-21 09:00:00,BTCUSD,65695.67,65777.52,65580.18,65675.18,-100.0,-1,pat_harami=-100,0,0,0,0,-100,0,0,0
2026-07-21 09:15:00,BTCUSD,65675.22,65804.34,65606.42,65767.85,0.0,0,none,0,0,0,0,0,0,0,0
2026-07-21 09:30:00,BTCUSD,65767.82,65944.0,65736.42,65910.31,0.0,0,none,0,0,0,0,0,0,0,0
2026-07-21 09:45:00,BTCUSD,65910.39,65931.06,65803.58,65863.25,-100.0,-1,pat_harami=-100,0,0,0,0,-100,0,0,0
2026-07-21 10:00:00,BTCUSD,65863.9,65904.0,65808.31,65881.26,100.0,1,pat_harami=100,0,0,0,0,100,0,0,0
2026-07-21 10:15:00,BTCUSD,65879.17,65981.29,65845.27,65912.18,0.0,0,none,0,0,0,0,0,0,0,0
2026-07-21 10:30:00,BTCUSD,65911.53,66109.38,65876.34,65988.47,0.0,0,none,0,0,0,0,0,0,0,0
2026-07-21 10:45:00,BTCUSD,65987.72,66224.9,65974.36,66128.68,0.0,0,none,0,0,0,0,0,0,0,0
2026-07-21 11:00:00,BTCUSD,66131.17,66252.62,66069.18,66227.63,0.0,0,none,0,0,0,0,0,0,0,0
2026-07-21 11:15:00,BTCUSD,66227.42,66317.12,66147.34,66171.28,0.0,0,none,0,0,0,0,0,0,0,0
2026-07-21 11:30:00,BTCUSD,66172.18,66309.31,66139.32,66262.28,0.0,0,none,0,0,0,0,0,0,0,0
2026-07-21 11:45:00,BTCUSD,66261.64,66303.24,66158.88,66184.07,-100.0,-1,pat_harami=-100,0,0,0,0,-100,0,0,0
2026-07-21 12:00:00,BTCUSD,66184.05,66190.27,66074.72,66176.54,100.0,1,pat_doji=100,0,100,0,0,0,0,0,0
2026-07-21 12:15:00,BTCUSD,66176.38,66201.15,66130.79,66184.6,100.0,1,pat_engulfing=100,100,0,0,0,0,0,0,0
2026-07-21 12:30:00,BTCUSD,66184.52,66294.43,66174.58,66253.39,0.0,0,none,0,0,0,0,0,0,0,0
2026-07-21 12:45:00,BTCUSD,66253.4,66314.86,66214.48,66244.51,100.0,1,pat_doji=100,0,100,0,0,0,0,0,0
2026-07-21 13:00:00,BTCUSD,66244.51,66358.47,66210.5,66318.44,100.0,1,pat_engulfing=100,100,0,0,0,0,0,0,0
2026-07-21 13:15:00,BTCUSD,66318.43,66370.11,66261.29,66354.05,0.0,0,none,0,0,0,0,0,0,0,0
2026-07-21 13:30:00,BTCUSD,66355.74,66382.77,66277.87,66309.11,-100.0,-1,pat_engulfing=-100,-100,0,0,0,0,0,0,0
2026-07-21 13:45:00,BTCUSD,66308.88,66319.01,66122.81,66134.68,-100.0,-1,pat_marubozu=-100,0,0,0,0,0,0,0,-100
2026-07-21 14:00:00,BTCUSD,66134.74,66220.67,66076.38,66188.58,0.0,0,none,0,0,0,0,0,0,0,0
2026-07-21 14:15:00,BTCUSD,66188.42,66221.15,66128.16,66198.9,0.0,0,none,0,0,0,0,0,0,0,0
2026-07-21 14:30:00,BTCUSD,66199.29,66316.52,66186.8,66293.6,0.0,0,none,0,0,0,0,0,0,0,0
2026-07-21 14:45:00,BTCUSD,66293.71,66315.0,66268.14,66304.85,100.0,1,pat_hammer=100,0,0,100,0,0,0,0,0
2026-07-21 15:00:00,BTCUSD,66305.12,66419.0,66211.81,66339.29,0.0,0,none,0,0,0,0,0,0,0,0
2026-07-21 15:15:00,BTCUSD,66339.31,66469.82,66285.16,66410.33,0.0,0,none,0,0,0,0,0,0,0,0
2026-07-21 15:30:00,BTCUSD,66410.81,66609.62,66380.33,66476.98,0.0,0,none,0,0,0,0,0,0,0,0
2026-07-21 15:45:00,BTCUSD,66477.83,66539.39,66425.61,66506.01,0.0,0,none,0,0,0,0,0,0,0,0
2026-07-21 16:00:00,BTCUSD,66503.5,66574.28,66460.69,66563.44,0.0,0,none,0,0,0,0,0,0,0,0
2026-07-21 16:15:00,BTCUSD,66563.45,66617.89,66352.1,66391.89,-100.0,-1,pat_engulfing=-100,-100,0,0,0,0,0,0,0
2026-07-21 16:30:00,BTCUSD,66393.12,66500.48,66269.19,66314.49,0.0,0,none,0,0,0,0,0,0,0,0
2026-07-21 16:45:00,BTCUSD,66323.67,66776.21,66282.81,66733.75,0.0,0,none,0,0,0,0,0,0,0,0
2026-07-21 17:00:00,BTCUSD,66733.51,66928.33,66678.59,66902.24,0.0,0,none,0,0,0,0,0,0,0,0
2026-07-21 17:15:00,BTCUSD,66902.64,66902.64,66583.9,66694.47,-100.0,-1,pat_engulfing=-100,-100,0,0,0,0,0,0,0
2026-07-21 17:30:00,BTCUSD,66694.77,66839.09,66609.47,66807.28,100.0,1,pat_harami=100,0,0,0,0,100,0,0,0
2026-07-21 17:45:00,BTCUSD,66809.24,66900.16,66758.3,66798.02,100.0,1,pat_doji=100,0,100,0,0,0,0,0,0
2026-07-21 18:00:00,BTCUSD,66798.01,66808.45,66604.22,66630.71,0.0,0,none,0,0,0,0,0,0,0,0
2026-07-21 18:15:00,BTCUSD,66629.26,66712.58,66578.42,66591.93,-100.0,-1,pat_shooting_star=-100,0,0,0,-100,0,0,0,0
2026-07-21 18:30:00,BTCUSD,66585.82,66704.17,66486.69,66588.29,100.0,1,pat_doji=100,0,100,0,0,0,0,0,0
2026-07-21 18:45:00,BTCUSD,66587.99,66687.85,66548.22,66638.54,0.0,0,none,0,0,0,0,0,0,0,0
2026-07-21 19:00:00,BTCUSD,66638.15,66726.45,66541.51,66576.83,0.0,0,none,0,0,0,0,0,0,0,0
2026-07-21 19:15:00,BTCUSD,66578.04,66583.42,66478.66,66497.85,0.0,0,none,0,0,0,0,0,0,0,0
2026-07-21 19:30:00,BTCUSD,66497.78,66616.13,66456.43,66521.82,0.0,0,none,0,0,0,0,0,0,0,0
2026-07-21 19:45:00,BTCUSD,66522.18,66582.34,66421.79,66500.14,0.0,0,none,0,0,0,0,0,0,0,0
2026-07-21 20:00:00,BTCUSD,66500.04,66535.92,66363.78,66405.17,0.0,0,none,0,0,0,0,0,0,0,0
2026-07-21 20:15:00,BTCUSD,66405.17,66466.42,66346.27,66409.28,100.0,1,pat_doji=100,0,100,0,0,0,0,0,0
2026-07-21 20:30:00,BTCUSD,66409.96,66470.99,66351.34,66463.44,0.0,0,none,0,0,0,0,0,0,0,0
2026-07-21 20:45:00,BTCUSD,66464.86,66476.46,65853.65,66167.57,-100.0,-1,pat_engulfing=-100,-100,0,0,0,0,0,0,0
2026-07-21 21:00:00,BTCUSD,66164.57,66301.18,66062.48,66240.84,100.0,1,pat_harami=100,0,0,0,0,100,0,0,0
2026-07-21 21:15:00,BTCUSD,66240.6,66271.92,66129.99,66192.3,-100.0,-1,pat_harami=-100,0,0,0,0,-100,0,0,0
2026-07-21 21:30:00,BTCUSD,66192.48,66284.33,66036.68,66237.75,0.0,0,none,0,0,0,0,0,0,0,0
2026-07-21 21:45:00,BTCUSD,66236.39,66329.01,66216.78,66278.19,0.0,0,none,0,0,0,0,0,0,0,0
2026-07-21 22:00:00,BTCUSD,66275.19,66342.12,66212.92,66257.89,0.0,0,none,0,0,0,0,0,0,0,0
2026-07-21 22:15:00,BTCUSD,66257.58,66387.98,66241.43,66355.72,100.0,1,pat_engulfing=100,100,0,0,0,0,0,0,0
2026-07-21 22:30:00,BTCUSD,66355.71,66464.0,66322.64,66419.86,0.0,0,none,0,0,0,0,0,0,0,0
2026-07-21 22:45:00,BTCUSD,66418.09,66469.2,66367.23,66413.14,100.0,1,pat_doji=100,0,100,0,0,0,0,0,0
2026-07-21 23:00:00,BTCUSD,66414.93,66459.78,66313.4,66378.09,0.0,0,none,0,0,0,0,0,0,0,0
2026-07-21 23:15:00,BTCUSD,66377.98,66377.98,66313.31,66346.77,0.0,0,none,0,0,0,0,0,0,0,0
2026-07-21 23:30:00,BTCUSD,66350.67,66467.98,66350.67,66424.89,0.0,0,none,0,0,0,0,0,0,0,0
2026-07-21 23:45:00,BTCUSD,66424.46,66434.96,66365.9,66373.33,-100.0,-1,pat_harami=-100,0,0,0,0,-100,0,0,0
2026-07-22 00:00:00,BTCUSD,66332.0,66383.44,66270.52,66371.56,0.0,0,none,0,0,0,0,0,0,0,0
2026-07-22 00:15:00,BTCUSD,66372.0,66372.24,66282.4,66284.13,-100.0,-1,"pat_engulfing=-100,pat_harami=-100,pat_marubozu=-100",-100,0,0,0,-100,0,0,-100
2026-07-22 00:30:00,BTCUSD,66283.94,66335.43,66246.19,66307.57,0.0,0,none,0,0,0,0,0,0,0,0
2026-07-22 00:45:00,BTCUSD,66308.28,66358.21,66296.81,66351.16,0.0,0,none,0,0,0,0,0,0,0,0
2026-07-22 01:00:00,BTCUSD,66351.17,66363.27,66264.86,66274.43,-100.0,-1,pat_engulfing=-100,-100,0,0,0,0,0,0,0
2026-07-22 01:15:00,BTCUSD,66273.98,66288.56,66162.37,66243.37,0.0,0,none,0,0,0,0,0,0,0,0
2026-07-22 01:30:00,BTCUSD,66243.28,66312.19,66219.4,66274.73,100.0,1,pat_engulfing=100,100,0,0,0,0,0,0,0
2026-07-22 01:45:00,BTCUSD,66274.86,66279.26,66196.68,66263.26,0.0,0,none,0,0,0,0,0,0,0,0
2026-07-22 02:00:00,BTCUSD,66263.25,66265.24,66182.05,66232.29,0.0,0,none,0,0,0,0,0,0,0,0
2026-07-22 02:15:00,BTCUSD,66232.38,66366.92,66230.35,66361.68,100.0,1,pat_marubozu=100,0,0,0,0,0,0,0,100
2026-07-22 02:30:00,BTCUSD,66361.69,66422.81,66337.62,66394.61,0.0,0,none,0,0,0,0,0,0,0,0
2026-07-22 02:45:00,BTCUSD,66395.06,66539.82,66376.75,66520.2,0.0,0,none,0,0,0,0,0,0,0,0
2026-07-22 03:00:00,BTCUSD,66521.66,66652.7,66496.72,66645.29,0.0,0,none,0,0,0,0,0,0,0,0
2026-07-22 03:15:00,BTCUSD,66645.06,66697.45,66531.87,66622.07,0.0,0,none,0,0,0,0,0,0,0,0
2026-07-22 03:30:00,BTCUSD,66621.47,66712.73,66583.39,66667.33,100.0,1,pat_engulfing=100,100,0,0,0,0,0,0,0
2026-07-22 03:45:00,BTCUSD,66666.8,66693.04,66562.5,66581.34,0.0,0,none,0,0,0,0,0,0,0,0
2026-07-22 04:00:00,BTCUSD,66581.04,66623.23,66438.91,66454.25,0.0,0,none,0,0,0,0,0,0,0,0
2026-07-22 04:15:00,BTCUSD,66454.43,66463.92,66271.69,66307.61,0.0,0,none,0,0,0,0,0,0,0,0
2026-07-22 04:30:00,BTCUSD,66308.1,66387.67,66226.33,66331.34,0.0,0,none,0,0,0,0,0,0,0,0
2026-07-22 04:45:00,BTCUSD,66331.33,66463.63,66311.71,66375.79,0.0,0,none,0,0,0,0,0,0,0,0
2026-07-22 05:00:00,BTCUSD,66374.75,66445.3,66306.74,66425.27,0.0,0,none,0,0,0,0,0,0,0,0
2026-07-22 05:15:00,BTCUSD,66425.05,66497.32,66354.31,66359.09,0.0,0,none,0,0,0,0,0,0,0,0
2026-07-22 05:30:00,BTCUSD,66357.22,66360.93,66249.77,66333.81,0.0,0,none,0,0,0,0,0,0,0,0
2026-07-22 05:45:00,BTCUSD,66333.85,66346.79,66242.3,66264.61,0.0,0,none,0,0,0,0,0,0,0,0
2026-07-22 06:00:00,BTCUSD,66264.3,66330.18,66088.63,66138.51,0.0,0,none,0,0,0,0,0,0,0,0
2026-07-22 06:15:00,BTCUSD,66138.81,66275.64,66138.02,66227.3,100.0,1,pat_harami=100,0,0,0,0,100,0,0,0
2026-07-22 06:30:00,BTCUSD,66226.9,66267.75,66153.98,66233.81,100.0,1,pat_doji=100,0,100,0,0,0,0,0,0
2026-07-22 06:45:00,BTCUSD,66233.74,66317.5,66130.47,66157.59,0.0,0,none,0,0,0,0,0,0,0,0
2026-07-22 07:00:00,BTCUSD,66159.03,66311.46,66150.69,66296.06,100.0,1,"pat_harami=100,pat_marubozu=100",0,0,0,0,100,0,0,100
2026-07-22 07:15:00,BTCUSD,66296.82,66367.23,66277.54,66315.6,0.0,0,none,0,0,0,0,0,0,0,0
2026-07-22 07:30:00,BTCUSD,66314.87,66381.39,66269.33,66375.31,0.0,0,none,0,0,0,0,0,0,0,0
2026-07-22 07:45:00,BTCUSD,66373.15,66373.15,66286.71,66334.49,-100.0,-1,pat_harami=-100,0,0,0,0,-100,0,0,0
2026-07-22 08:00:00,BTCUSD,66334.52,66335.7,66209.72,66233.34,0.0,0,none,0,0,0,0,0,0,0,0
2026-07-22 08:15:00,BTCUSD,66233.2,66241.48,65985.47,66020.54,0.0,0,none,0,0,0,0,0,0,0,0
2026-07-22 08:30:00,BTCUSD,66021.01,66097.58,65918.69,65930.3,0.0,0,none,0,0,0,0,0,0,0,0
2026-07-22 08:45:00,BTCUSD,65930.2,65985.94,65888.27,65934.63,100.0,1,pat_doji=100,0,100,0,0,0,0,0,0
2026-07-22 09:00:00,BTCUSD,65934.48,65987.83,65829.85,65942.95,100.0,1,pat_doji=100,0,100,0,0,0,0,0,0
2026-07-22 09:15:00,BTCUSD,65942.89,65942.89,65783.69,65810.25,0.0,0,none,0,0,0,0,0,0,0,0
2026-07-22 09:30:00,BTCUSD,65810.35,65957.43,65776.07,65899.46,0.0,0,none,0,0,0,0,0,0,0,0
2026-07-22 09:45:00,BTCUSD,65899.31,65924.2,65847.66,65889.32,-100.0,-1,pat_harami=-100,0,0,0,0,-100,0,0,0
2026-07-22 10:00:00,BTCUSD,65889.54,65936.6,65838.42,65856.58,0.0,0,none,0,0,0,0,0,0,0,0
2026-07-22 10:15:00,BTCUSD,65856.65,65901.83,65785.59,65859.19,100.0,1,pat_doji=100,0,100,0,0,0,0,0,0
2026-07-22 10:30:00,BTCUSD,65860.04,65876.38,65642.25,65736.87,-100.0,-1,pat_engulfing=-100,-100,0,0,0,0,0,0,0
2026-07-22 10:45:00,BTCUSD,65736.59,65817.42,65724.13,65793.02,100.0,1,pat_harami=100,0,0,0,0,100,0,0,0
2026-07-22 11:00:00,BTCUSD,65794.53,66028.99,65794.53,65984.28,0.0,0,none,0,0,0,0,0,0,0,0
2026-07-22 11:15:00,BTCUSD,65985.91,66111.69,65945.65,65972.29,100.0,1,pat_doji=100,0,100,0,0,0,0,0,0
2026-07-22 11:30:00,BTCUSD,65972.1,66038.16,65860.96,65880.48,0.0,0,none,0,0,0,0,0,0,0,0
2026-07-22 11:45:00,BTCUSD,65880.59,65955.64,65880.59,65931.8,100.0,1,pat_harami=100,0,0,0,0,100,0,0,0
2026-07-22 12:00:00,BTCUSD,65931.79,66032.09,65912.23,65955.3,0.0,0,none,0,0,0,0,0,0,0,0
2026-07-22 12:15:00,BTCUSD,65954.79,66038.15,65936.34,65971.29,0.0,0,none,0,0,0,0,0,0,0,0
2026-07-22 12:30:00,BTCUSD,65971.28,65971.61,65800.58,65841.21,0.0,0,none,0,0,0,0,0,0,0,0
2026-07-22 12:45:00,BTCUSD,65842.37,65906.52,65789.73,65891.75,0.0,0,none,0,0,0,0,0,0,0,0
2026-07-22 13:00:00,BTCUSD,65891.89,65907.89,65832.81,65874.21,0.0,0,none,0,0,0,0,0,0,0,0
2026-07-22 13:15:00,BTCUSD,65874.08,65951.49,65860.2,65914.57,100.0,1,pat_engulfing=100,100,0,0,0,0,0,0,0
2026-07-22 13:30:00,BTCUSD,65914.6,65971.27,65900.74,65939.87,0.0,0,none,0,0,0,0,0,0,0,0
2026-07-22 13:45:00,BTCUSD,65940.15,66089.2,65940.15,66002.63,0.0,0,none,0,0,0,0,0,0,0,0
2026-07-22 14:00:00,BTCUSD,66002.77,66046.95,65965.18,65966.4,-100.0,-1,pat_harami=-100,0,0,0,0,-100,0,0,0
2026-07-22 14:15:00,BTCUSD,65966.37,66042.96,65926.54,66002.94,100.0,1,pat_engulfing=100,100,0,0,0,0,0,0,0
2026-07-22 14:30:00,BTCUSD,66002.88,66023.57,65852.02,65861.77,0.0,0,none,0,0,0,0,0,0,0,0
2026-07-22 14:45:00,BTCUSD,65862.19,66018.4,65856.53,65967.91,100.0,1,pat_harami=100,0,0,0,0,100,0,0,0
2026-07-22 15:00:00,BTCUSD,65968.01,65970.91,65802.74,65849.52,-100.0,-1,pat_engulfing=-100,-100,0,0,0,0,0,0,0
2026-07-22 15:15:00,BTCUSD,65852.45,65884.31,65791.42,65830.72,0.0,0,none,0,0,0,0,0,0,0,0
2026-07-22 15:30:00,BTCUSD,65831.07,65865.69,65714.56,65726.59,0.0,0,none,0,0,0,0,0,0,0,0
2026-07-22 15:45:00,BTCUSD,65724.79,65784.81,65471.0,65575.66,0.0,0,none,0,0,0,0,0,0,0,0
2026-07-22 16:00:00,BTCUSD,65575.83,65643.57,65528.68,65590.21,100.0,1,pat_harami=100,0,0,0,0,100,0,0,0
2026-07-22 16:15:00,BTCUSD,65590.18,65590.18,65487.43,65562.39,0.0,0,none,0,0,0,0,0,0,0,0
2026-07-22 16:30:00,BTCUSD,65568.51,65873.24,65543.7,65841.98,0.0,0,none,0,0,0,0,0,0,0,0
2026-07-22 16:45:00,BTCUSD,65842.4,65957.29,65760.48,65899.48,0.0,0,none,0,0,0,0,0,0,0,0
2026-07-22 17:00:00,BTCUSD,65898.07,66218.52,65837.23,65861.61,0.0,0,"pat_doji=100,pat_shooting_star=-100",0,100,0,-100,0,0,0,0
2026-07-22 17:15:00,BTCUSD,65858.75,65859.77,65533.7,65572.17,-100.0,-1,pat_marubozu=-100,0,0,0,0,0,0,0,-100
2026-07-22 17:30:00,BTCUSD,65571.92,65835.96,65531.96,65618.85,0.0,0,none,0,0,0,0,0,0,0,0
2026-07-22 17:45:00,BTCUSD,65619.07,65758.26,65585.18,65754.79,0.0,0,none,0,0,0,0,0,0,0,0
2026-07-22 18:00:00,BTCUSD,65754.12,65940.92,65753.67,65896.98,0.0,0,none,0,0,0,0,0,0,0,0
2026-07-22 18:15:00,BTCUSD,65896.95,66109.46,65840.31,66038.89,0.0,0,none,0,0,0,0,0,0,0,0
2026-07-22 18:30:00,BTCUSD,66039.22,66091.22,65909.22,65978.3,-100.0,-1,pat_harami=-100,0,0,0,0,-100,0,0,0
2026-07-22 18:45:00,BTCUSD,65970.77,66040.32,65897.16,66004.69,0.0,0,none,0,0,0,0,0,0,0,0
2026-07-22 19:00:00,BTCUSD,66003.27,66119.79,65952.32,66085.53,0.0,0,none,0,0,0,0,0,0,0,0
2026-07-22 19:15:00,BTCUSD,66085.4,66085.4,65861.1,65985.99,0.0,0,none,0,0,0,0,0,0,0,0
2026-07-22 19:30:00,BTCUSD,65985.89,66389.61,65966.62,66250.58,100.0,1,pat_engulfing=100,100,0,0,0,0,0,0,0
2026-07-22 19:45:00,BTCUSD,66251.0,66262.92,66109.77,66196.61,-100.0,-1,pat_harami=-100,0,0,0,0,-100,0,0,0
2026-07-22 20:00:00,BTCUSD,66210.26,66250.97,66112.47,66128.17,0.0,0,none,0,0,0,0,0,0,0,0
2026-07-22 20:15:00,BTCUSD,66129.68,66135.38,65896.82,65951.59,0.0,0,none,0,0,0,0,0,0,0,0
2026-07-22 20:30:00,BTCUSD,65951.49,66148.8,65939.38,66139.86,100.0,1,"pat_engulfing=100,pat_marubozu=100",100,0,0,0,0,0,0,100
2026-07-22 20:45:00,BTCUSD,66139.96,66208.52,65956.24,65983.44,0.0,0,none,0,0,0,0,0,0,0,0
2026-07-22 21:00:00,BTCUSD,65984.02,66044.54,65926.92,65946.88,0.0,0,none,0,0,0,0,0,0,0,0
2026-07-22 21:15:00,BTCUSD,65947.1,66017.17,65793.2,65847.86,0.0,0,none,0,0,0,0,0,0,0,0
2026-07-22 21:30:00,BTCUSD,65847.61,65847.61,65673.68,65738.52,0.0,0,none,0,0,0,0,0,0,0,0
2026-07-22 21:45:00,BTCUSD,65738.69,65892.41,65723.72,65852.22,0.0,0,none,0,0,0,0,0,0,0,0
2026-07-22 22:00:00,BTCUSD,65852.03,65885.0,65649.9,65728.03,0.0,0,none,0,0,0,0,0,0,0,0
2026-07-22 22:15:00,BTCUSD,65728.03,65891.26,65709.03,65855.5,100.0,1,pat_engulfing=100,100,0,0,0,0,0,0,0
2026-07-22 22:30:00,BTCUSD,65855.61,65911.85,65819.82,65821.6,0.0,0,none,0,0,0,0,0,0,0,0
2026-07-22 22:45:00,BTCUSD,65822.75,65929.34,65801.09,65874.79,0.0,0,none,0,0,0,0,0,0,0,0
2026-07-22 23:00:00,BTCUSD,65879.58,65920.93,65743.97,65891.96,100.0,1,pat_doji=100,0,100,0,0,0,0,0,0
2026-07-22 23:15:00,BTCUSD,65893.04,65950.54,65843.85,65891.81,100.0,1,pat_doji=100,0,100,0,0,0,0,0,0
2026-07-22 23:30:00,BTCUSD,65892.62,65911.34,65856.73,65910.78,100.0,1,pat_harami=100,0,0,0,0,100,0,0,0
2026-07-22 23:45:00,BTCUSD,65910.72,65910.72,65847.52,65866.77,0.0,0,none,0,0,0,0,0,0,0,0
2026-07-23 00:00:00,BTCUSD,65897.49,65918.25,65866.47,65899.75,100.0,1,pat_doji=100,0,100,0,0,0,0,0,0
2026-07-23 00:15:00,BTCUSD,65899.96,65921.42,65858.49,65872.08,-100.0,-1,pat_engulfing=-100,-100,0,0,0,0,0,0,0
2026-07-23 00:30:00,BTCUSD,65872.46,66102.4,65870.55,66084.57,100.0,1,pat_marubozu=100,0,0,0,0,0,0,0,100
2026-07-23 00:45:00,BTCUSD,66098.07,66101.59,66002.41,66043.42,-100.0,-1,pat_harami=-100,0,0,0,0,-100,0,0,0
2026-07-23 01:00:00,BTCUSD,66043.44,66049.78,65926.62,65974.87,0.0,0,none,0,0,0,0,0,0,0,0
2026-07-23 01:15:00,BTCUSD,65974.87,66001.36,65893.63,65990.14,100.0,1,pat_hammer=100,0,0,100,0,0,0,0,0
2026-07-23 01:30:00,BTCUSD,65989.23,65989.23,65884.87,65923.13,0.0,0,none,0,0,0,0,0,0,0,0
2026-07-20 23:45:00,ETHUSD,1901.0,1903.6,1899.47,1903.24,0.0,0,none,0,0,0,0,0,0,0,0
2026-07-21 00:00:00,ETHUSD,1902.85,1906.32,1901.26,1903.62,0.0,0,none,0,0,0,0,0,0,0,0
2026-07-21 00:15:00,ETHUSD,1903.66,1905.64,1901.74,1903.45,0.0,0,"pat_doji=100,pat_harami=-100",0,100,0,0,-100,0,0,0
2026-07-21 00:30:00,ETHUSD,1903.47,1905.59,1901.8,1903.46,100.0,1,pat_doji=100,0,100,0,0,0,0,0,0
2026-07-21 00:45:00,ETHUSD,1903.77,1904.19,1899.06,1900.81,0.0,0,none,0,0,0,0,0,0,0,0
2026-07-21 01:00:00,ETHUSD,1900.81,1900.98,1896.11,1897.17,0.0,0,none,0,0,0,0,0,0,0,0
2026-07-21 01:15:00,ETHUSD,1897.12,1897.98,1893.69,1894.93,0.0,0,none,0,0,0,0,0,0,0,0
2026-07-21 01:30:00,ETHUSD,1894.87,1896.41,1890.78,1892.83,0.0,0,none,0,0,0,0,0,0,0,0
2026-07-21 01:45:00,ETHUSD,1892.89,1894.72,1891.3,1893.22,100.0,1,"pat_doji=100,pat_harami=100",0,100,0,0,100,0,0,0
2026-07-21 02:00:00,ETHUSD,1893.18,1899.83,1892.52,1897.49,0.0,0,none,0,0,0,0,0,0,0,0
2026-07-21 02:15:00,ETHUSD,1897.49,1902.3,1896.34,1900.71,0.0,0,none,0,0,0,0,0,0,0,0
2026-07-21 02:30:00,ETHUSD,1900.77,1903.35,1897.43,1899.04,0.0,0,none,0,0,0,0,0,0,0,0
2026-07-21 02:45:00,ETHUSD,1899.09,1904.47,1897.01,1903.49,0.0,0,none,0,0,0,0,0,0,0,0
2026-07-21 03:00:00,ETHUSD,1903.48,1903.91,1898.08,1900.11,-100.0,-1,pat_harami=-100,0,0,0,0,-100,0,0,0
2026-07-21 03:15:00,ETHUSD,1900.16,1908.72,1898.81,1904.72,0.0,0,none,0,0,0,0,0,0,0,0
2026-07-21 03:30:00,ETHUSD,1904.67,1915.23,1904.67,1912.9,0.0,0,none,0,0,0,0,0,0,0,0
2026-07-21 03:45:00,ETHUSD,1913.01,1917.78,1911.58,1913.51,100.0,1,pat_doji=100,0,100,0,0,0,0,0,0
2026-07-21 04:00:00,ETHUSD,1913.5,1916.88,1909.84,1912.57,0.0,0,none,0,0,0,0,0,0,0,0
2026-07-21 04:15:00,ETHUSD,1912.51,1912.77,1906.83,1908.78,0.0,0,none,0,0,0,0,0,0,0,0
2026-07-21 04:30:00,ETHUSD,1908.74,1913.95,1905.6,1908.31,100.0,1,pat_doji=100,0,100,0,0,0,0,0,0
2026-07-21 04:45:00,ETHUSD,1908.35,1909.6,1904.4,1905.94,0.0,0,none,0,0,0,0,0,0,0,0
2026-07-21 05:00:00,ETHUSD,1904.91,1912.21,1903.58,1907.08,0.0,0,none,0,0,0,0,0,0,0,0
2026-07-21 05:15:00,ETHUSD,1907.08,1907.76,1901.31,1904.97,0.0,0,none,0,0,0,0,0,0,0,0
2026-07-21 05:30:00,ETHUSD,1904.91,1911.85,1904.8,1909.35,100.0,1,pat_engulfing=100,100,0,0,0,0,0,0,0
2026-07-21 05:45:00,ETHUSD,1909.33,1921.37,1907.91,1914.53,0.0,0,none,0,0,0,0,0,0,0,0
2026-07-21 06:00:00,ETHUSD,1914.53,1927.6,1913.88,1922.11,0.0,0,none,0,0,0,0,0,0,0,0
2026-07-21 06:15:00,ETHUSD,1922.1,1927.5,1920.01,1921.93,0.0,0,"pat_doji=100,pat_harami=-100",0,100,0,0,-100,0,0,0
2026-07-21 06:30:00,ETHUSD,1921.98,1926.3,1919.89,1923.63,0.0,0,none,0,0,0,0,0,0,0,0
2026-07-21 06:45:00,ETHUSD,1923.58,1926.75,1920.14,1924.98,0.0,0,none,0,0,0,0,0,0,0,0
2026-07-21 07:00:00,ETHUSD,1924.98,1929.45,1922.37,1923.19,-100.0,-1,"pat_engulfing=-100,pat_shooting_star=-100",-100,0,0,-100,0,0,0,0
2026-07-21 07:15:00,ETHUSD,1923.19,1925.33,1919.97,1921.88,0.0,0,none,0,0,0,0,0,0,0,0
2026-07-21 07:30:00,ETHUSD,1921.92,1923.89,1919.62,1921.69,100.0,1,pat_doji=100,0,100,0,0,0,0,0,0
2026-07-21 07:45:00,ETHUSD,1921.69,1924.52,1920.51,1921.78,100.0,1,pat_doji=100,0,100,0,0,0,0,0,0
2026-07-21 08:00:00,ETHUSD,1921.78,1924.62,1919.72,1922.06,100.0,1,pat_doji=100,0,100,0,0,0,0,0,0
2026-07-21 08:15:00,ETHUSD,1920.98,1924.75,1918.93,1923.49,0.0,0,none,0,0,0,0,0,0,0,0
2026-07-21 08:30:00,ETHUSD,1923.49,1925.75,1920.63,1924.93,0.0,0,none,0,0,0,0,0,0,0,0
2026-07-21 08:45:00,ETHUSD,1924.92,1933.39,1922.58,1927.48,0.0,0,none,0,0,0,0,0,0,0,0
2026-07-21 09:00:00,ETHUSD,1927.52,1932.62,1924.73,1928.98,0.0,0,none,0,0,0,0,0,0,0,0
2026-07-21 09:15:00,ETHUSD,1928.98,1932.15,1926.74,1930.91,0.0,0,none,0,0,0,0,0,0,0,0
2026-07-21 09:30:00,ETHUSD,1929.46,1938.73,1929.46,1935.14,0.0,0,none,0,0,0,0,0,0,0,0
2026-07-21 09:45:00,ETHUSD,1935.14,1936.75,1931.2,1933.33,-100.0,-1,pat_harami=-100,0,0,0,0,-100,0,0,0
2026-07-21 10:00:00,ETHUSD,1933.34,1935.57,1930.39,1934.55,100.0,1,pat_hammer=100,0,0,100,0,0,0,0,0
2026-07-21 10:15:00,ETHUSD,1934.55,1936.89,1930.83,1932.53,-100.0,-1,pat_engulfing=-100,-100,0,0,0,0,0,0,0
2026-07-21 10:30:00,ETHUSD,1932.58,1938.23,1931.02,1931.38,-100.0,-1,pat_shooting_star=-100,0,0,0,-100,0,0,0,0
2026-07-21 10:45:00,ETHUSD,1931.39,1935.57,1930.59,1932.38,0.0,0,none,0,0,0,0,0,0,0,0
2026-07-21 11:00:00,ETHUSD,1932.36,1936.72,1928.57,1935.15,0.0,0,none,0,0,0,0,0,0,0,0
2026-07-21 11:15:00,ETHUSD,1935.12,1950.94,1933.95,1938.6,0.0,0,none,0,0,0,0,0,0,0,0
2026-07-21 11:30:00,ETHUSD,1938.64,1941.17,1935.37,1940.6,0.0,0,none,0,0,0,0,0,0,0,0
2026-07-21 11:45:00,ETHUSD,1940.61,1941.23,1935.99,1937.17,-100.0,-1,pat_engulfing=-100,-100,0,0,0,0,0,0,0
2026-07-21 12:00:00,ETHUSD,1937.17,1939.02,1934.03,1938.71,100.0,1,pat_hammer=100,0,0,100,0,0,0,0,0
2026-07-21 12:15:00,ETHUSD,1938.72,1939.68,1934.65,1937.37,0.0,0,none,0,0,0,0,0,0,0,0
2026-07-21 12:30:00,ETHUSD,1937.35,1940.66,1935.47,1937.2,100.0,1,pat_doji=100,0,100,0,0,0,0,0,0
2026-07-21 12:45:00,ETHUSD,1937.18,1942.34,1937.15,1940.55,100.0,1,pat_engulfing=100,100,0,0,0,0,0,0,0
2026-07-21 13:00:00,ETHUSD,1940.55,1945.5,1937.83,1942.17,0.0,0,none,0,0,0,0,0,0,0,0
2026-07-21 13:15:00,ETHUSD,1942.17,1944.25,1939.07,1940.95,-100.0,-1,pat_harami=-100,0,0,0,0,-100,0,0,0
2026-07-21 13:30:00,ETHUSD,1941.01,1942.34,1936.35,1938.19,0.0,0,none,0,0,0,0,0,0,0,0
2026-07-21 13:45:00,ETHUSD,1938.19,1940.13,1929.07,1932.3,0.0,0,none,0,0,0,0,0,0,0,0
2026-07-21 14:00:00,ETHUSD,1932.31,1933.06,1925.3,1926.85,0.0,0,none,0,0,0,0,0,0,0,0
2026-07-21 14:15:00,ETHUSD,1926.85,1929.72,1923.89,1928.0,0.0,0,none,0,0,0,0,0,0,0,0
2026-07-21 14:30:00,ETHUSD,1927.98,1933.56,1926.07,1933.28,0.0,0,none,0,0,0,0,0,0,0,0
2026-07-21 14:45:00,ETHUSD,1933.06,1935.84,1930.83,1934.4,0.0,0,none,0,0,0,0,0,0,0,0
2026-07-21 15:00:00,ETHUSD,1934.4,1937.84,1930.04,1931.53,-100.0,-1,pat_engulfing=-100,-100,0,0,0,0,0,0,0
2026-07-21 15:15:00,ETHUSD,1931.53,1941.84,1930.85,1937.62,100.0,1,pat_engulfing=100,100,0,0,0,0,0,0,0
2026-07-21 15:30:00,ETHUSD,1937.74,1943.9,1936.36,1939.31,0.0,0,none,0,0,0,0,0,0,0,0
2026-07-21 15:45:00,ETHUSD,1939.3,1942.28,1936.94,1940.93,0.0,0,none,0,0,0,0,0,0,0,0
2026-07-21 16:00:00,ETHUSD,1940.98,1942.38,1937.48,1940.35,0.0,0,none,0,0,0,0,0,0,0,0
2026-07-21 16:15:00,ETHUSD,1940.32,1941.26,1932.73,1934.05,0.0,0,none,0,0,0,0,0,0,0,0
2026-07-21 16:30:00,ETHUSD,1934.08,1936.15,1924.65,1927.16,0.0,0,none,0,0,0,0,0,0,0,0
2026-07-21 16:45:00,ETHUSD,1927.4,1939.82,1925.34,1938.44,0.0,0,none,0,0,0,0,0,0,0,0
2026-07-21 17:00:00,ETHUSD,1938.48,1942.39,1932.86,1939.99,0.0,0,none,0,0,0,0,0,0,0,0
2026-07-21 17:15:00,ETHUSD,1939.95,1939.95,1924.64,1930.86,0.0,0,none,0,0,0,0,0,0,0,0
2026-07-21 17:30:00,ETHUSD,1930.89,1936.79,1928.29,1933.62,100.0,1,pat_harami=100,0,0,0,0,100,0,0,0
2026-07-21 17:45:00,ETHUSD,1933.7,1936.96,1928.73,1930.41,-100.0,-1,pat_engulfing=-100,-100,0,0,0,0,0,0,0
2026-07-21 18:00:00,ETHUSD,1930.43,1930.43,1922.57,1924.32,0.0,0,none,0,0,0,0,0,0,0,0
2026-07-21 18:15:00,ETHUSD,1924.34,1929.55,1921.87,1925.03,100.0,1,pat_doji=100,0,100,0,0,0,0,0,0
2026-07-21 18:30:00,ETHUSD,1925.03,1928.48,1920.73,1925.97,0.0,0,none,0,0,0,0,0,0,0,0
2026-07-21 18:45:00,ETHUSD,1925.98,1931.17,1923.69,1930.52,0.0,0,none,0,0,0,0,0,0,0,0
2026-07-21 19:00:00,ETHUSD,1930.49,1934.43,1926.67,1927.91,0.0,0,none,0,0,0,0,0,0,0,0
2026-07-21 19:15:00,ETHUSD,1927.9,1929.6,1921.88,1923.13,0.0,0,none,0,0,0,0,0,0,0,0
2026-07-21 19:30:00,ETHUSD,1923.11,1926.92,1920.31,1922.4,0.0,0,none,0,0,0,0,0,0,0,0
2026-07-21 19:45:00,ETHUSD,1922.41,1927.11,1918.31,1923.85,0.0,0,none,0,0,0,0,0,0,0,0
2026-07-21 20:00:00,ETHUSD,1923.84,1927.05,1922.06,1924.29,100.0,1,pat_doji=100,0,100,0,0,0,0,0,0
2026-07-21 20:15:00,ETHUSD,1924.29,1925.73,1919.65,1922.87,-100.0,-1,pat_engulfing=-100,-100,0,0,0,0,0,0,0
2026-07-21 20:30:00,ETHUSD,1922.88,1926.12,1920.29,1925.77,0.0,0,none,0,0,0,0,0,0,0,0
2026-07-21 20:45:00,ETHUSD,1925.78,1925.91,1911.78,1916.06,-100.0,-1,pat_engulfing=-100,-100,0,0,0,0,0,0,0
2026-07-21 21:00:00,ETHUSD,1916.06,1921.48,1912.68,1917.91,100.0,1,pat_harami=100,0,0,0,0,100,0,0,0
2026-07-21 21:15:00,ETHUSD,1917.9,1920.52,1915.3,1918.93,0.0,0,none,0,0,0,0,0,0,0,0
2026-07-21 21:30:00,ETHUSD,1918.93,1920.87,1912.83,1919.01,100.0,1,pat_doji=100,0,100,0,0,0,0,0,0
2026-07-21 21:45:00,ETHUSD,1919.01,1920.76,1916.19,1918.56,-53.333333333333336,-1,"pat_engulfing=-100,pat_doji=100,pat_harami=-100",-100,100,0,0,-100,0,0,0
2026-07-21 22:00:00,ETHUSD,1918.56,1922.02,1915.34,1917.07,0.0,0,none,0,0,0,0,0,0,0,0
2026-07-21 22:15:00,ETHUSD,1917.01,1923.27,1916.31,1921.53,100.0,1,pat_engulfing=100,100,0,0,0,0,0,0,0
2026-07-21 22:30:00,ETHUSD,1921.55,1924.9,1920.17,1921.29,100.0,1,pat_doji=100,0,100,0,0,0,0,0,0
2026-07-21 22:45:00,ETHUSD,1921.26,1925.41,1920.08,1920.95,100.0,1,pat_doji=100,0,100,0,0,0,0,0,0
2026-07-21 23:00:00,ETHUSD,1920.89,1923.17,1918.86,1921.02,100.0,1,pat_doji=100,0,100,0,0,0,0,0,0
2026-07-21 23:15:00,ETHUSD,1920.99,1921.85,1918.78,1921.41,0.0,0,none,0,0,0,0,0,0,0,0
2026-07-21 23:30:00,ETHUSD,1921.44,1924.92,1920.32,1923.78,0.0,0,none,0,0,0,0,0,0,0,0
2026-07-21 23:45:00,ETHUSD,1923.78,1924.05,1920.2,1920.56,-100.0,-1,pat_engulfing=-100,-100,0,0,0,0,0,0,0
2026-07-22 00:00:00,ETHUSD,1918.86,1922.26,1917.41,1922.25,0.0,0,none,0,0,0,0,0,0,0,0
2026-07-22 00:15:00,ETHUSD,1922.24,1923.87,1919.61,1921.64,0.0,0,none,0,0,0,0,0,0,0,0
2026-07-22 00:30:00,ETHUSD,1921.65,1925.73,1921.29,1923.57,0.0,0,none,0,0,0,0,0,0,0,0
2026-07-22 00:45:00,ETHUSD,1923.59,1925.32,1920.25,1921.7,0.0,0,none,0,0,0,0,0,0,0,0
2026-07-22 01:00:00,ETHUSD,1921.69,1922.93,1917.99,1920.07,0.0,0,none,0,0,0,0,0,0,0,0
2026-07-22 01:15:00,ETHUSD,1920.07,1921.88,1917.35,1919.24,0.0,0,none,0,0,0,0,0,0,0,0
2026-07-22 01:30:00,ETHUSD,1919.24,1922.9,1917.74,1919.78,0.0,0,none,0,0,0,0,0,0,0,0
2026-07-22 01:45:00,ETHUSD,1919.73,1919.86,1915.48,1918.24,0.0,0,none,0,0,0,0,0,0,0,0
2026-07-22 02:00:00,ETHUSD,1918.4,1919.81,1913.0,1915.24,0.0,0,none,0,0,0,0,0,0,0,0
2026-07-22 02:15:00,ETHUSD,1915.24,1921.19,1915.05,1919.03,100.0,1,pat_engulfing=100,100,0,0,0,0,0,0,0
2026-07-22 02:30:00,ETHUSD,1920.83,1924.21,1917.4,1922.54,100.0,1,pat_hammer=100,0,0,100,0,0,0,0,0
2026-07-22 02:45:00,ETHUSD,1922.55,1930.41,1919.47,1928.78,0.0,0,none,0,0,0,0,0,0,0,0
2026-07-22 03:00:00,ETHUSD,1928.82,1937.02,1926.43,1936.62,0.0,0,none,0,0,0,0,0,0,0,0
2026-07-22 03:15:00,ETHUSD,1936.61,1944.01,1932.82,1934.5,-100.0,-1,pat_shooting_star=-100,0,0,0,-100,0,0,0,0
2026-07-22 03:30:00,ETHUSD,1934.49,1940.93,1931.72,1938.22,100.0,1,pat_engulfing=100,100,0,0,0,0,0,0,0
2026-07-22 03:45:00,ETHUSD,1938.2,1940.39,1933.44,1936.48,-100.0,-1,pat_harami=-100,0,0,0,0,-100,0,0,0
2026-07-22 04:00:00,ETHUSD,1936.43,1938.95,1931.85,1932.17,0.0,0,none,0,0,0,0,0,0,0,0
2026-07-22 04:15:00,ETHUSD,1932.24,1933.89,1925.2,1928.3,0.0,0,none,0,0,0,0,0,0,0,0
2026-07-22 04:30:00,ETHUSD,1928.31,1934.35,1926.05,1930.48,0.0,0,none,0,0,0,0,0,0,0,0
2026-07-22 04:45:00,ETHUSD,1930.49,1936.13,1929.15,1931.09,100.0,1,pat_doji=100,0,100,0,0,0,0,0,0
2026-07-22 05:00:00,ETHUSD,1931.0,1933.35,1926.59,1932.1,0.0,0,none,0,0,0,0,0,0,0,0
2026-07-22 05:15:00,ETHUSD,1932.12,1935.56,1929.03,1929.57,-100.0,-1,pat_engulfing=-100,-100,0,0,0,0,0,0,0
2026-07-22 05:30:00,ETHUSD,1929.49,1930.78,1924.13,1926.51,0.0,0,none,0,0,0,0,0,0,0,0
2026-07-22 05:45:00,ETHUSD,1926.42,1930.11,1925.56,1927.53,100.0,1,pat_harami=100,0,0,0,0,100,0,0,0
2026-07-22 06:00:00,ETHUSD,1927.51,1932.21,1923.86,1924.42,0.0,0,none,0,0,0,0,0,0,0,0
2026-07-22 06:15:00,ETHUSD,1924.49,1931.18,1924.36,1930.22,100.0,1,pat_harami=100,0,0,0,0,100,0,0,0
2026-07-22 06:30:00,ETHUSD,1930.36,1931.53,1925.92,1929.11,0.0,0,none,0,0,0,0,0,0,0,0
2026-07-22 06:45:00,ETHUSD,1929.11,1934.38,1924.68,1925.97,0.0,0,none,0,0,0,0,0,0,0,0
2026-07-22 07:00:00,ETHUSD,1925.92,1932.84,1925.23,1931.3,100.0,1,"pat_engulfing=100,pat_harami=100",100,0,0,0,100,0,0,0
2026-07-22 07:15:00,ETHUSD,1931.31,1935.51,1931.07,1933.82,0.0,0,none,0,0,0,0,0,0,0,0
2026-07-22 07:30:00,ETHUSD,1933.81,1937.84,1931.0,1935.98,0.0,0,none,0,0,0,0,0,0,0,0
2026-07-22 07:45:00,ETHUSD,1937.06,1937.47,1932.96,1935.14,-100.0,-1,pat_harami=-100,0,0,0,0,-100,0,0,0
2026-07-22 08:00:00,ETHUSD,1935.15,1935.4,1928.63,1930.15,0.0,0,none,0,0,0,0,0,0,0,0
2026-07-22 08:15:00,ETHUSD,1930.14,1931.16,1919.18,1921.42,0.0,0,none,0,0,0,0,0,0,0,0
2026-07-22 08:30:00,ETHUSD,1921.57,1924.66,1916.71,1917.69,0.0,0,none,0,0,0,0,0,0,0,0
2026-07-22 08:45:00,ETHUSD,1917.73,1920.95,1915.43,1916.91,0.0,0,none,0,0,0,0,0,0,0,0
2026-07-22 09:00:00,ETHUSD,1916.88,1919.75,1913.98,1917.42,100.0,1,pat_doji=100,0,100,0,0,0,0,0,0
2026-07-22 09:15:00,ETHUSD,1917.38,1917.71,1910.41,1912.17,0.0,0,none,0,0,0,0,0,0,0,0
2026-07-22 09:30:00,ETHUSD,1912.18,1918.55,1910.58,1915.41,0.0,0,none,0,0,0,0,0,0,0,0
2026-07-22 09:45:00,ETHUSD,1915.42,1917.84,1913.33,1916.08,0.0,0,none,0,0,0,0,0,0,0,0
2026-07-22 10:00:00,ETHUSD,1916.15,1918.61,1913.08,1914.98,-100.0,-1,pat_engulfing=-100,-100,0,0,0,0,0,0,0
2026-07-22 10:15:00,ETHUSD,1915.03,1916.6,1908.97,1916.42,100.0,1,pat_hammer=100,0,0,100,0,0,0,0,0
2026-07-22 10:30:00,ETHUSD,1916.43,1918.54,1907.3,1911.6,-100.0,-1,pat_engulfing=-100,-100,0,0,0,0,0,0,0
2026-07-22 10:45:00,ETHUSD,1911.6,1913.26,1908.13,1912.8,100.0,1,"pat_hammer=100,pat_harami=100",0,0,100,0,100,0,0,0
2026-07-22 11:00:00,ETHUSD,1912.84,1922.5,1911.03,1919.34,0.0,0,none,0,0,0,0,0,0,0,0
2026-07-22 11:15:00,ETHUSD,1919.35,1923.66,1917.07,1920.08,0.0,0,none,0,0,0,0,0,0,0,0
2026-07-22 11:30:00,ETHUSD,1920.24,1922.08,1915.97,1916.78,-100.0,-1,pat_engulfing=-100,-100,0,0,0,0,0,0,0
2026-07-22 11:45:00,ETHUSD,1916.8,1920.2,1916.38,1918.18,100.0,1,pat_harami=100,0,0,0,0,100,0,0,0
2026-07-22 12:00:00,ETHUSD,1918.32,1924.86,1917.72,1922.76,0.0,0,none,0,0,0,0,0,0,0,0
2026-07-22 12:15:00,ETHUSD,1922.76,1924.54,1920.62,1922.31,-100.0,-1,pat_harami=-100,0,0,0,0,-100,0,0,0
2026-07-22 12:30:00,ETHUSD,1922.29,1923.67,1916.54,1919.8,0.0,0,none,0,0,0,0,0,0,0,0
2026-07-22 12:45:00,ETHUSD,1919.8,1923.85,1916.74,1922.99,100.0,1,pat_engulfing=100,100,0,0,0,0,0,0,0
2026-07-22 13:00:00,ETHUSD,1922.99,1923.72,1920.18,1921.52,-100.0,-1,pat_harami=-100,0,0,0,0,-100,0,0,0
2026-07-22 13:15:00,ETHUSD,1921.51,1927.05,1920.4,1926.58,100.0,1,pat_engulfing=100,100,0,0,0,0,0,0,0
2026-07-22 13:30:00,ETHUSD,1926.64,1930.13,1923.85,1929.08,0.0,0,none,0,0,0,0,0,0,0,0
2026-07-22 13:45:00,ETHUSD,1929.08,1932.27,1927.49,1928.78,100.0,1,pat_doji=100,0,100,0,0,0,0,0,0
2026-07-22 14:00:00,ETHUSD,1928.8,1930.11,1925.75,1927.38,0.0,0,none,0,0,0,0,0,0,0,0
2026-07-22 14:15:00,ETHUSD,1926.2,1928.62,1923.99,1926.62,100.0,1,pat_doji=100,0,100,0,0,0,0,0,0
2026-07-22 14:30:00,ETHUSD,1925.54,1927.78,1918.7,1918.71,0.0,0,none,0,0,0,0,0,0,0,0
2026-07-22 14:45:00,ETHUSD,1918.78,1926.51,1918.73,1924.42,100.0,1,pat_harami=100,0,0,0,0,100,0,0,0
2026-07-22 15:00:00,ETHUSD,1924.36,1925.79,1919.78,1924.65,100.0,1,pat_doji=100,0,100,0,0,0,0,0,0
2026-07-22 15:15:00,ETHUSD,1924.71,1925.75,1919.27,1920.83,-100.0,-1,pat_engulfing=-100,-100,0,0,0,0,0,0,0
2026-07-22 15:30:00,ETHUSD,1920.89,1923.73,1917.38,1918.44,0.0,0,none,0,0,0,0,0,0,0,0
2026-07-22 15:45:00,ETHUSD,1918.15,1921.72,1910.24,1915.28,0.0,0,none,0,0,0,0,0,0,0,0
2026-07-22 16:00:00,ETHUSD,1915.32,1919.62,1913.44,1918.56,100.0,1,pat_harami=100,0,0,0,0,100,0,0,0
2026-07-22 16:15:00,ETHUSD,1918.53,1920.71,1915.59,1918.37,100.0,1,pat_doji=100,0,100,0,0,0,0,0,0
2026-07-22 16:30:00,ETHUSD,1918.56,1937.33,1918.56,1934.46,0.0,0,none,0,0,0,0,0,0,0,0
2026-07-22 16:45:00,ETHUSD,1934.5,1941.91,1932.38,1937.16,0.0,0,none,0,0,0,0,0,0,0,0
2026-07-22 17:00:00,ETHUSD,1938.16,1956.2,1935.18,1938.55,100.0,1,pat_doji=100,0,100,0,0,0,0,0,0
2026-07-22 17:15:00,ETHUSD,1938.54,1938.54,1919.54,1923.14,0.0,0,none,0,0,0,0,0,0,0,0
2026-07-22 17:30:00,ETHUSD,1923.16,1933.9,1920.63,1926.84,100.0,1,pat_harami=100,0,0,0,0,100,0,0,0
2026-07-22 17:45:00,ETHUSD,1925.46,1931.9,1923.36,1931.63,0.0,0,none,0,0,0,0,0,0,0,0
2026-07-22 18:00:00,ETHUSD,1931.62,1942.27,1930.36,1939.05,0.0,0,none,0,0,0,0,0,0,0,0
2026-07-22 18:15:00,ETHUSD,1939.1,1951.28,1938.04,1946.16,0.0,0,none,0,0,0,0,0,0,0,0
2026-07-22 18:30:00,ETHUSD,1946.16,1949.32,1938.32,1943.07,-100.0,-1,pat_harami=-100,0,0,0,0,-100,0,0,0
2026-07-22 18:45:00,ETHUSD,1943.07,1945.51,1938.81,1941.7,0.0,0,none,0,0,0,0,0,0,0,0
2026-07-22 19:00:00,ETHUSD,1941.64,1945.76,1936.86,1943.04,0.0,0,none,0,0,0,0,0,0,0,0
2026-07-22 19:15:00,ETHUSD,1943.05,1943.22,1933.3,1938.37,-100.0,-1,pat_engulfing=-100,-100,0,0,0,0,0,0,0
2026-07-22 19:30:00,ETHUSD,1938.32,1955.45,1936.49,1949.1,100.0,1,pat_engulfing=100,100,0,0,0,0,0,0,0
2026-07-22 19:45:00,ETHUSD,1949.17,1951.2,1944.36,1946.98,-100.0,-1,pat_harami=-100,0,0,0,0,-100,0,0,0
2026-07-22 20:00:00,ETHUSD,1946.98,1950.26,1943.0,1943.7,0.0,0,none,0,0,0,0,0,0,0,0
2026-07-22 20:15:00,ETHUSD,1943.71,1945.47,1931.34,1934.48,0.0,0,none,0,0,0,0,0,0,0,0
2026-07-22 20:30:00,ETHUSD,1934.51,1943.68,1933.9,1942.91,100.0,1,"pat_harami=100,pat_marubozu=100",0,0,0,0,100,0,0,100
2026-07-22 20:45:00,ETHUSD,1942.84,1945.34,1935.86,1936.23,0.0,0,none,0,0,0,0,0,0,0,0
2026-07-22 21:00:00,ETHUSD,1936.22,1939.07,1929.88,1934.43,0.0,0,none,0,0,0,0,0,0,0,0
2026-07-22 21:15:00,ETHUSD,1934.55,1938.22,1929.97,1931.93,0.0,0,none,0,0,0,0,0,0,0,0
2026-07-22 21:30:00,ETHUSD,1931.87,1931.94,1919.98,1924.35,0.0,0,none,0,0,0,0,0,0,0,0
2026-07-22 21:45:00,ETHUSD,1924.39,1931.17,1922.33,1928.36,100.0,1,pat_harami=100,0,0,0,0,100,0,0,0
2026-07-22 22:00:00,ETHUSD,1928.42,1930.67,1917.93,1922.16,-100.0,-1,pat_engulfing=-100,-100,0,0,0,0,0,0,0
2026-07-22 22:15:00,ETHUSD,1922.18,1927.57,1921.67,1926.25,100.0,1,pat_harami=100,0,0,0,0,100,0,0,0
2026-07-22 22:30:00,ETHUSD,1926.24,1927.73,1922.26,1922.72,0.0,0,none,0,0,0,0,0,0,0,0
2026-07-22 22:45:00,ETHUSD,1922.75,1926.47,1920.63,1923.71,0.0,0,none,0,0,0,0,0,0,0,0
2026-07-22 23:00:00,ETHUSD,1923.68,1927.82,1919.64,1927.56,0.0,0,none,0,0,0,0,0,0,0,0
2026-07-22 23:15:00,ETHUSD,1927.54,1929.21,1923.67,1926.43,0.0,0,none,0,0,0,0,0,0,0,0
2026-07-22 23:30:00,ETHUSD,1926.43,1927.82,1923.73,1925.7,0.0,0,none,0,0,0,0,0,0,0,0
2026-07-22 23:45:00,ETHUSD,1926.78,1927.26,1923.62,1923.83,0.0,0,none,0,0,0,0,0,0,0,0
2026-07-23 00:00:00,ETHUSD,1925.53,1929.81,1924.58,1926.35,0.0,0,none,0,0,0,0,0,0,0,0
2026-07-23 00:15:00,ETHUSD,1926.36,1928.31,1924.38,1925.47,-100.0,-1,pat_engulfing=-100,-100,0,0,0,0,0,0,0
2026-07-23 00:30:00,ETHUSD,1925.62,1935.95,1925.21,1934.68,0.0,0,none,0,0,0,0,0,0,0,0
2026-07-23 00:45:00,ETHUSD,1934.69,1939.75,1930.47,1938.2,0.0,0,none,0,0,0,0,0,0,0,0
2026-07-23 01:00:00,ETHUSD,1938.25,1939.36,1931.9,1933.81,-100.0,-1,"pat_engulfing=-100,pat_harami=-100",-100,0,0,0,-100,0,0,0
2026-07-23 01:15:00,ETHUSD,1933.82,1935.53,1930.73,1934.91,100.0,1,pat_hammer=100,0,0,100,0,0,0,0,0
2026-07-23 01:30:00,ETHUSD,1934.9,1934.9,1928.36,1930.81,0.0,0,none,0,0,0,0,0,0,0,0
2026-07-20 23:45:00,XRPUSD,1.1129,1.113,1.1095,1.1119,0.0,0,none,0,0,0,0,0,0,0,0
2026-07-21 00:00:00,XRPUSD,1.1118,1.1158,1.1107,1.1129,100.0,1,pat_engulfing=100,100,0,0,0,0,0,0,0
2026-07-21 00:15:00,XRPUSD,1.1127,1.1147,1.1123,1.1136,0.0,0,none,0,0,0,0,0,0,0,0
2026-07-21 00:30:00,XRPUSD,1.1137,1.1158,1.1122,1.1151,0.0,0,none,0,0,0,0,0,0,0,0
2026-07-21 00:45:00,XRPUSD,1.115,1.1153,1.1112,1.1115,-100.0,-1,pat_marubozu=-100,0,0,0,0,0,0,0,-100
2026-07-21 01:00:00,XRPUSD,1.1114,1.1126,1.1048,1.1084,0.0,0,none,0,0,0,0,0,0,0,0
2026-07-21 01:15:00,XRPUSD,1.1084,1.1095,1.1063,1.1079,0.0,0,none,0,0,0,0,0,0,0,0
2026-07-21 01:30:00,XRPUSD,1.1079,1.1085,1.1044,1.106,0.0,0,none,0,0,0,0,0,0,0,0
2026-07-21 01:45:00,XRPUSD,1.106,1.1074,1.1048,1.107,100.0,1,pat_harami=100,0,0,0,0,100,0,0,0
2026-07-21 02:00:00,XRPUSD,1.106,1.1094,1.1057,1.1072,0.0,0,none,0,0,0,0,0,0,0,0
2026-07-21 02:15:00,XRPUSD,1.1073,1.111,1.1073,1.1099,0.0,0,none,0,0,0,0,0,0,0,0
2026-07-21 02:30:00,XRPUSD,1.1109,1.1113,1.1084,1.1111,100.0,1,pat_doji=100,0,100,0,0,0,0,0,0
2026-07-21 02:45:00,XRPUSD,1.1111,1.1118,1.108,1.1096,-100.0,-1,pat_engulfing=-100,-100,0,0,0,0,0,0,0
2026-07-21 03:00:00,XRPUSD,1.1095,1.111,1.1074,1.1092,100.0,1,pat_doji=100,0,100,0,0,0,0,0,0
2026-07-21 03:15:00,XRPUSD,1.1091,1.113,1.1073,1.1102,100.0,1,pat_engulfing=100,100,0,0,0,0,0,0,0
2026-07-21 03:30:00,XRPUSD,1.1101,1.1152,1.1098,1.1133,0.0,0,none,0,0,0,0,0,0,0,0
2026-07-21 03:45:00,XRPUSD,1.1134,1.1151,1.1122,1.1122,-100.0,-1,pat_harami=-100,0,0,0,0,-100,0,0,0
2026-07-21 04:00:00,XRPUSD,1.1124,1.1176,1.1114,1.1155,0.0,0,none,0,0,0,0,0,0,0,0
2026-07-21 04:15:00,XRPUSD,1.1154,1.1166,1.1115,1.1129,-100.0,-1,pat_harami=-100,0,0,0,0,-100,0,0,0
2026-07-21 04:30:00,XRPUSD,1.113,1.1144,1.1108,1.1124,0.0,0,none,0,0,0,0,0,0,0,0
2026-07-21 04:45:00,XRPUSD,1.1114,1.1139,1.1097,1.1113,100.0,1,pat_doji=100,0,100,0,0,0,0,0,0
2026-07-21 05:00:00,XRPUSD,1.1112,1.1143,1.11,1.1117,100.0,1,pat_engulfing=100,100,0,0,0,0,0,0,0
2026-07-21 05:15:00,XRPUSD,1.1116,1.1116,1.108,1.1095,0.0,0,none,0,0,0,0,0,0,0,0
2026-07-21 05:30:00,XRPUSD,1.1094,1.114,1.1094,1.1126,100.0,1,pat_engulfing=100,100,0,0,0,0,0,0,0
2026-07-21 05:45:00,XRPUSD,1.1125,1.1185,1.1117,1.1155,0.0,0,none,0,0,0,0,0,0,0,0
2026-07-21 06:00:00,XRPUSD,1.1155,1.123,1.1154,1.118,0.0,0,none,0,0,0,0,0,0,0,0
2026-07-21 06:15:00,XRPUSD,1.119,1.1209,1.1171,1.1209,0.0,0,none,0,0,0,0,0,0,0,0
2026-07-21 06:30:00,XRPUSD,1.1209,1.1215,1.118,1.1213,100.0,1,pat_hammer=100,0,0,100,0,0,0,0,0
2026-07-21 06:45:00,XRPUSD,1.1213,1.1227,1.1194,1.1206,-100.0,-1,pat_engulfing=-100,-100,0,0,0,0,0,0,0
2026-07-21 07:00:00,XRPUSD,1.1207,1.1257,1.1203,1.1214,0.0,0,none,0,0,0,0,0,0,0,0
2026-07-21 07:15:00,XRPUSD,1.1224,1.1227,1.1181,1.1184,-100.0,-1,"pat_engulfing=-100,pat_marubozu=-100",-100,0,0,0,0,0,0,-100
2026-07-21 07:30:00,XRPUSD,1.1194,1.1232,1.1177,1.1215,0.0,0,none,0,0,0,0,0,0,0,0
2026-07-21 07:45:00,XRPUSD,1.1215,1.1248,1.1204,1.1229,0.0,0,none,0,0,0,0,0,0,0,0
2026-07-21 08:00:00,XRPUSD,1.1228,1.1356,1.1218,1.1288,0.0,0,none,0,0,0,0,0,0,0,0
2026-07-21 08:15:00,XRPUSD,1.1288,1.1303,1.1264,1.128,-100.0,-1,pat_harami=-100,0,0,0,0,-100,0,0,0
2026-07-21 08:30:00,XRPUSD,1.128,1.1303,1.125,1.1263,0.0,0,none,0,0,0,0,0,0,0,0
2026-07-21 08:45:00,XRPUSD,1.1253,1.1301,1.1246,1.1277,0.0,0,none,0,0,0,0,0,0,0,0
2026-07-21 09:00:00,XRPUSD,1.1276,1.1309,1.1254,1.1285,0.0,0,none,0,0,0,0,0,0,0,0
2026-07-21 09:15:00,XRPUSD,1.1286,1.1318,1.1273,1.1315,0.0,0,none,0,0,0,0,0,0,0,0
2026-07-21 09:30:00,XRPUSD,1.1316,1.1344,1.1297,1.1339,0.0,0,none,0,0,0,0,0,0,0,0
2026-07-21 09:45:00,XRPUSD,1.134,1.1343,1.1303,1.1307,-100.0,-1,"pat_engulfing=-100,pat_harami=-100",-100,0,0,0,-100,0,0,0
2026-07-21 10:00:00,XRPUSD,1.1306,1.1333,1.1298,1.1333,0.0,0,none,0,0,0,0,0,0,0,0
2026-07-21 10:15:00,XRPUSD,1.1332,1.1336,1.1277,1.1293,0.0,0,none,0,0,0,0,0,0,0,0
2026-07-21 10:30:00,XRPUSD,1.1292,1.1321,1.1283,1.1292,100.0,1,pat_doji=100,0,100,0,0,0,0,0,0
2026-07-21 10:45:00,XRPUSD,1.1293,1.1341,1.129,1.1324,0.0,0,none,0,0,0,0,0,0,0,0
2026-07-21 11:00:00,XRPUSD,1.1324,1.134,1.129,1.1322,0.0,0,"pat_doji=100,pat_harami=-100",0,100,0,0,-100,0,0,0
2026-07-21 11:15:00,XRPUSD,1.1321,1.1354,1.1291,1.1311,0.0,0,none,0,0,0,0,0,0,0,0
2026-07-21 11:30:00,XRPUSD,1.1311,1.1327,1.1293,1.1318,100.0,1,pat_harami=100,0,0,0,0,100,0,0,0
2026-07-21 11:45:00,XRPUSD,1.1318,1.1326,1.1292,1.1296,-100.0,-1,pat_engulfing=-100,-100,0,0,0,0,0,0,0
2026-07-21 12:00:00,XRPUSD,1.1295,1.131,1.1272,1.13,0.0,0,none,0,0,0,0,0,0,0,0
2026-07-21 12:15:00,XRPUSD,1.1301,1.1314,1.1285,1.1298,0.0,0,none,0,0,0,0,0,0,0,0
2026-07-21 12:30:00,XRPUSD,1.1298,1.1326,1.1298,1.1323,100.0,1,"pat_engulfing=100,pat_marubozu=100",100,0,0,0,0,0,0,100
2026-07-21 12:45:00,XRPUSD,1.1322,1.1338,1.1303,1.1321,100.0,1,pat_doji=100,0,100,0,0,0,0,0,0
2026-07-21 13:00:00,XRPUSD,1.1321,1.1329,1.1296,1.131,0.0,0,none,0,0,0,0,0,0,0,0
2026-07-21 13:15:00,XRPUSD,1.1309,1.1313,1.1278,1.1288,0.0,0,none,0,0,0,0,0,0,0,0
2026-07-21 13:30:00,XRPUSD,1.1288,1.1312,1.1279,1.1284,0.0,0,none,0,0,0,0,0,0,0,0
2026-07-21 13:45:00,XRPUSD,1.1284,1.1302,1.1257,1.1286,100.0,1,pat_doji=100,0,100,0,0,0,0,0,0
2026-07-21 14:00:00,XRPUSD,1.1285,1.1297,1.1253,1.1274,0.0,0,none,0,0,0,0,0,0,0,0
2026-07-21 14:15:00,XRPUSD,1.1274,1.1295,1.1267,1.1288,100.0,1,"pat_engulfing=100,pat_harami=100",100,0,0,0,100,0,0,0
2026-07-21 14:30:00,XRPUSD,1.129,1.132,1.1277,1.1307,0.0,0,none,0,0,0,0,0,0,0,0
2026-07-21 14:45:00,XRPUSD,1.1307,1.1345,1.1304,1.1336,0.0,0,none,0,0,0,0,0,0,0,0
2026-07-21 15:00:00,XRPUSD,1.1337,1.1349,1.1285,1.1285,-100.0,-1,pat_engulfing=-100,-100,0,0,0,0,0,0,0
2026-07-21 15:15:00,XRPUSD,1.1284,1.137,1.1284,1.1362,100.0,1,"pat_engulfing=100,pat_marubozu=100",100,0,0,0,0,0,0,100
2026-07-21 15:30:00,XRPUSD,1.1363,1.1371,1.1334,1.1355,0.0,0,none,0,0,0,0,0,0,0,0
2026-07-21 15:45:00,XRPUSD,1.1355,1.139,1.1333,1.139,100.0,1,pat_engulfing=100,100,0,0,0,0,0,0,0
2026-07-21 16:00:00,XRPUSD,1.139,1.1425,1.1371,1.142,0.0,0,none,0,0,0,0,0,0,0,0
2026-07-21 16:15:00,XRPUSD,1.1419,1.1423,1.1366,1.1382,0.0,0,none,0,0,0,0,0,0,0,0
2026-07-21 16:30:00,XRPUSD,1.1382,1.1402,1.1344,1.1365,0.0,0,none,0,0,0,0,0,0,0,0
2026-07-21 16:45:00,XRPUSD,1.1365,1.1398,1.1343,1.138,0.0,0,none,0,0,0,0,0,0,0,0
2026-07-21 17:00:00,XRPUSD,1.1381,1.1446,1.1358,1.1444,0.0,0,none,0,0,0,0,0,0,0,0
2026-07-21 17:15:00,XRPUSD,1.1444,1.1448,1.138,1.1418,0.0,0,none,0,0,0,0,0,0,0,0
2026-07-21 17:30:00,XRPUSD,1.1418,1.1484,1.1408,1.1473,100.0,1,pat_engulfing=100,100,0,0,0,0,0,0,0
2026-07-21 17:45:00,XRPUSD,1.1473,1.1492,1.1444,1.1458,0.0,0,none,0,0,0,0,0,0,0,0
2026-07-21 18:00:00,XRPUSD,1.146,1.1485,1.1431,1.1448,0.0,0,none,0,0,0,0,0,0,0,0
2026-07-21 18:15:00,XRPUSD,1.145,1.151,1.1443,1.1475,0.0,0,none,0,0,0,0,0,0,0,0
2026-07-21 18:30:00,XRPUSD,1.1474,1.1479,1.1413,1.1447,0.0,0,none,0,0,0,0,0,0,0,0
2026-07-21 18:45:00,XRPUSD,1.1447,1.1542,1.1442,1.1511,100.0,1,pat_engulfing=100,100,0,0,0,0,0,0,0
2026-07-21 19:00:00,XRPUSD,1.1511,1.1553,1.1478,1.152,0.0,0,none,0,0,0,0,0,0,0,0
2026-07-21 19:15:00,XRPUSD,1.1519,1.152,1.1471,1.1481,0.0,0,none,0,0,0,0,0,0,0,0
2026-07-21 19:30:00,XRPUSD,1.148,1.149,1.1452,1.1461,0.0,0,none,0,0,0,0,0,0,0,0
2026-07-21 19:45:00,XRPUSD,1.1461,1.1488,1.1447,1.1472,0.0,0,none,0,0,0,0,0,0,0,0
2026-07-21 20:00:00,XRPUSD,1.1472,1.1486,1.1449,1.147,0.0,0,"pat_doji=100,pat_harami=-100",0,100,0,0,-100,0,0,0
2026-07-21 20:15:00,XRPUSD,1.147,1.1511,1.1445,1.1485,100.0,1,pat_engulfing=100,100,0,0,0,0,0,0,0
2026-07-21 20:30:00,XRPUSD,1.1486,1.1567,1.1474,1.1557,0.0,0,none,0,0,0,0,0,0,0,0
2026-07-21 20:45:00,XRPUSD,1.1558,1.1591,1.149,1.1551,100.0,1,pat_doji=100,0,100,0,0,0,0,0,0
2026-07-21 21:00:00,XRPUSD,1.1552,1.1578,1.15,1.1552,100.0,1,pat_doji=100,0,100,0,0,0,0,0,0
2026-07-21 21:15:00,XRPUSD,1.1551,1.1616,1.1531,1.1554,100.0,1,pat_doji=100,0,100,0,0,0,0,0,0
2026-07-21 21:30:00,XRPUSD,1.1553,1.1553,1.149,1.153,0.0,0,none,0,0,0,0,0,0,0,0
2026-07-21 21:45:00,XRPUSD,1.1529,1.1563,1.1508,1.1553,100.0,1,pat_engulfing=100,100,0,0,0,0,0,0,0
2026-07-21 22:00:00,XRPUSD,1.1554,1.1573,1.1525,1.1552,100.0,1,pat_doji=100,0,100,0,0,0,0,0,0
2026-07-21 22:15:00,XRPUSD,1.1552,1.1598,1.1536,1.1585,100.0,1,pat_engulfing=100,100,0,0,0,0,0,0,0
2026-07-21 22:30:00,XRPUSD,1.1586,1.1621,1.1537,1.1556,0.0,0,none,0,0,0,0,0,0,0,0
2026-07-21 22:45:00,XRPUSD,1.1555,1.157,1.1492,1.1544,0.0,0,none,0,0,0,0,0,0,0,0
2026-07-21 23:00:00,XRPUSD,1.1544,1.1552,1.1491,1.1493,0.0,0,none,0,0,0,0,0,0,0,0
2026-07-21 23:15:00,XRPUSD,1.1492,1.1511,1.1458,1.1465,0.0,0,none,0,0,0,0,0,0,0,0
2026-07-21 23:30:00,XRPUSD,1.1478,1.1482,1.1448,1.1474,0.0,0,none,0,0,0,0,0,0,0,0
2026-07-21 23:45:00,XRPUSD,1.1476,1.1477,1.145,1.1469,0.0,0,none,0,0,0,0,0,0,0,0
2026-07-22 00:00:00,XRPUSD,1.1448,1.1458,1.1426,1.1438,0.0,0,none,0,0,0,0,0,0,0,0
2026-07-22 00:15:00,XRPUSD,1.1436,1.1458,1.1427,1.1456,100.0,1,"pat_engulfing=100,pat_harami=100",100,0,0,0,100,0,0,0
2026-07-22 00:30:00,XRPUSD,1.1457,1.1457,1.1419,1.1448,0.0,0,none,0,0,0,0,0,0,0,0
2026-07-22 00:45:00,XRPUSD,1.1449,1.1449,1.1417,1.1433,0.0,0,none,0,0,0,0,0,0,0,0
2026-07-22 01:00:00,XRPUSD,1.1443,1.1444,1.1372,1.1375,-100.0,-1,pat_marubozu=-100,0,0,0,0,0,0,0,-100
2026-07-22 01:15:00,XRPUSD,1.1376,1.1408,1.136,1.1405,0.0,0,none,0,0,0,0,0,0,0,0
2026-07-22 01:30:00,XRPUSD,1.1403,1.1412,1.1382,1.14,0.0,0,none,0,0,0,0,0,0,0,0
2026-07-22 01:45:00,XRPUSD,1.1401,1.1403,1.1372,1.1386,0.0,0,none,0,0,0,0,0,0,0,0
2026-07-22 02:00:00,XRPUSD,1.1396,1.1396,1.1344,1.1352,0.0,0,none,0,0,0,0,0,0,0,0
2026-07-22 02:15:00,XRPUSD,1.1362,1.1375,1.1346,1.1372,100.0,1,pat_harami=100,0,0,0,0,100,0,0,0
2026-07-22 02:30:00,XRPUSD,1.1362,1.1395,1.1353,1.1395,0.0,0,none,0,0,0,0,0,0,0,0
2026-07-22 02:45:00,XRPUSD,1.1395,1.1415,1.1378,1.1412,0.0,0,none,0,0,0,0,0,0,0,0
2026-07-22 03:00:00,XRPUSD,1.1413,1.1444,1.1386,1.1444,0.0,0,none,0,0,0,0,0,0,0,0
2026-07-22 03:15:00,XRPUSD,1.1444,1.1455,1.141,1.1427,0.0,0,none,0,0,0,0,0,0,0,0
2026-07-22 03:30:00,XRPUSD,1.1428,1.1441,1.1406,1.1423,0.0,0,none,0,0,0,0,0,0,0,0
2026-07-22 03:45:00,XRPUSD,1.1424,1.1449,1.1409,1.1424,100.0,1,pat_doji=100,0,100,0,0,0,0,0,0
2026-07-22 04:00:00,XRPUSD,1.1423,1.1439,1.1406,1.1411,0.0,0,none,0,0,0,0,0,0,0,0
2026-07-22 04:15:00,XRPUSD,1.1411,1.1424,1.1384,1.1402,0.0,0,none,0,0,0,0,0,0,0,0
2026-07-22 04:30:00,XRPUSD,1.1402,1.143,1.1389,1.141,0.0,0,none,0,0,0,0,0,0,0,0
2026-07-22 04:45:00,XRPUSD,1.141,1.1428,1.1394,1.1417,0.0,0,none,0,0,0,0,0,0,0,0
2026-07-22 05:00:00,XRPUSD,1.1418,1.1421,1.1385,1.1414,0.0,0,none,0,0,0,0,0,0,0,0
2026-07-22 05:15:00,XRPUSD,1.1413,1.1436,1.1402,1.142,100.0,1,pat_engulfing=100,100,0,0,0,0,0,0,0
2026-07-22 05:30:00,XRPUSD,1.142,1.1429,1.1393,1.1409,-100.0,-1,pat_engulfing=-100,-100,0,0,0,0,0,0,0
2026-07-22 05:45:00,XRPUSD,1.1408,1.1414,1.1368,1.1386,0.0,0,none,0,0,0,0,0,0,0,0
2026-07-22 06:00:00,XRPUSD,1.1386,1.1388,1.1344,1.136,0.0,0,none,0,0,0,0,0,0,0,0
2026-07-22 06:15:00,XRPUSD,1.136,1.1391,1.1351,1.1376,0.0,0,none,0,0,0,0,0,0,0,0
2026-07-22 06:30:00,XRPUSD,1.1375,1.139,1.1356,1.1363,-100.0,-1,pat_harami=-100,0,0,0,0,-100,0,0,0
2026-07-22 06:45:00,XRPUSD,1.1364,1.1391,1.1344,1.1354,-100.0,-1,pat_shooting_star=-100,0,0,0,-100,0,0,0,0
2026-07-22 07:00:00,XRPUSD,1.1354,1.1386,1.1347,1.1386,100.0,1,"pat_engulfing=100,pat_harami=100",100,0,0,0,100,0,0,0
2026-07-22 07:15:00,XRPUSD,1.1386,1.1392,1.136,1.1389,100.0,1,pat_doji=100,0,100,0,0,0,0,0,0
2026-07-22 07:30:00,XRPUSD,1.1389,1.1394,1.1366,1.1392,100.0,1,pat_hammer=100,0,0,100,0,0,0,0,0
2026-07-22 07:45:00,XRPUSD,1.1391,1.1397,1.1367,1.1385,0.0,0,none,0,0,0,0,0,0,0,0
2026-07-22 08:00:00,XRPUSD,1.1395,1.1398,1.1359,1.1377,0.0,0,none,0,0,0,0,0,0,0,0
2026-07-22 08:15:00,XRPUSD,1.1377,1.138,1.1299,1.131,0.0,0,none,0,0,0,0,0,0,0,0
2026-07-22 08:30:00,XRPUSD,1.1309,1.1335,1.1294,1.1301,-100.0,-1,pat_shooting_star=-100,0,0,0,-100,0,0,0,0
2026-07-22 08:45:00,XRPUSD,1.13,1.1322,1.1292,1.1307,0.0,0,none,0,0,0,0,0,0,0,0
2026-07-22 09:00:00,XRPUSD,1.1307,1.1317,1.1281,1.1306,100.0,1,pat_doji=100,0,100,0,0,0,0,0,0
2026-07-22 09:15:00,XRPUSD,1.1305,1.1305,1.1256,1.1282,0.0,0,none,0,0,0,0,0,0,0,0
2026-07-22 09:30:00,XRPUSD,1.1282,1.131,1.1263,1.1287,0.0,0,none,0,0,0,0,0,0,0,0
2026-07-22 09:45:00,XRPUSD,1.1287,1.1302,1.1274,1.1286,0.0,0,"pat_doji=100,pat_harami=-100",0,100,0,0,-100,0,0,0
2026-07-22 10:00:00,XRPUSD,1.1286,1.1308,1.128,1.1287,100.0,1,"pat_engulfing=100,pat_doji=100",100,100,0,0,0,0,0,0
2026-07-22 10:15:00,XRPUSD,1.1287,1.1312,1.1281,1.131,0.0,0,none,0,0,0,0,0,0,0,0
2026-07-22 10:30:00,XRPUSD,1.1311,1.1314,1.1248,1.1267,-100.0,-1,pat_engulfing=-100,-100,0,0,0,0,0,0,0
2026-07-22 10:45:00,XRPUSD,1.1277,1.1286,1.1258,1.1283,100.0,1,"pat_hammer=100,pat_harami=100",0,0,100,0,100,0,0,0
2026-07-22 11:00:00,XRPUSD,1.1283,1.1319,1.1269,1.1302,0.0,0,none,0,0,0,0,0,0,0,0
2026-07-22 11:15:00,XRPUSD,1.1303,1.1332,1.1296,1.1328,0.0,0,none,0,0,0,0,0,0,0,0
2026-07-22 11:30:00,XRPUSD,1.1327,1.1335,1.1296,1.1313,0.0,0,none,0,0,0,0,0,0,0,0
2026-07-22 11:45:00,XRPUSD,1.1313,1.1328,1.1303,1.1321,100.0,1,pat_harami=100,0,0,0,0,100,0,0,0
2026-07-22 12:00:00,XRPUSD,1.1322,1.134,1.1309,1.1323,100.0,1,pat_doji=100,0,100,0,0,0,0,0,0
2026-07-22 12:15:00,XRPUSD,1.1323,1.1333,1.1307,1.1316,-100.0,-1,pat_engulfing=-100,-100,0,0,0,0,0,0,0
2026-07-22 12:30:00,XRPUSD,1.1316,1.133,1.1286,1.131,0.0,0,none,0,0,0,0,0,0,0,0
2026-07-22 12:45:00,XRPUSD,1.1311,1.1328,1.1293,1.1324,100.0,1,pat_harami=100,0,0,0,0,100,0,0,0
2026-07-22 13:00:00,XRPUSD,1.1325,1.1333,1.1303,1.131,-100.0,-1,pat_engulfing=-100,-100,0,0,0,0,0,0,0
2026-07-22 13:15:00,XRPUSD,1.131,1.1351,1.1306,1.1333,100.0,1,pat_engulfing=100,100,0,0,0,0,0,0,0
2026-07-22 13:30:00,XRPUSD,1.1333,1.1356,1.1329,1.1344,0.0,0,none,0,0,0,0,0,0,0,0
2026-07-22 13:45:00,XRPUSD,1.1343,1.1371,1.1338,1.1339,-100.0,-1,pat_shooting_star=-100,0,0,0,-100,0,0,0,0
2026-07-22 14:00:00,XRPUSD,1.134,1.1364,1.1335,1.1353,0.0,0,none,0,0,0,0,0,0,0,0
2026-07-22 14:15:00,XRPUSD,1.1352,1.1382,1.1336,1.1366,0.0,0,none,0,0,0,0,0,0,0,0
2026-07-22 14:30:00,XRPUSD,1.1367,1.1377,1.1335,1.1336,-100.0,-1,pat_engulfing=-100,-100,0,0,0,0,0,0,0
2026-07-22 14:45:00,XRPUSD,1.1334,1.1365,1.1333,1.1361,0.0,0,none,0,0,0,0,0,0,0,0
2026-07-22 15:00:00,XRPUSD,1.1359,1.1361,1.1327,1.1346,0.0,0,none,0,0,0,0,0,0,0,0
2026-07-22 15:15:00,XRPUSD,1.1347,1.1349,1.1311,1.1325,0.0,0,none,0,0,0,0,0,0,0,0
2026-07-22 15:30:00,XRPUSD,1.1324,1.1346,1.1307,1.1317,0.0,0,none,0,0,0,0,0,0,0,0
2026-07-22 15:45:00,XRPUSD,1.1317,1.1347,1.1293,1.134,100.0,1,pat_engulfing=100,100,0,0,0,0,0,0,0
2026-07-22 16:00:00,XRPUSD,1.134,1.1345,1.1313,1.1329,-100.0,-1,pat_harami=-100,0,0,0,0,-100,0,0,0
2026-07-22 16:15:00,XRPUSD,1.1328,1.1342,1.1315,1.1328,100.0,1,pat_doji=100,0,100,0,0,0,0,0,0
2026-07-22 16:30:00,XRPUSD,1.1327,1.1393,1.1322,1.1389,100.0,1,pat_marubozu=100,0,0,0,0,0,0,0,100
2026-07-22 16:45:00,XRPUSD,1.139,1.141,1.1369,1.14,0.0,0,none,0,0,0,0,0,0,0,0
2026-07-22 17:00:00,XRPUSD,1.139,1.147,1.1386,1.1416,0.0,0,none,0,0,0,0,0,0,0,0
2026-07-22 17:15:00,XRPUSD,1.1426,1.1426,1.132,1.132,-100.0,-1,"pat_engulfing=-100,pat_marubozu=-100",-100,0,0,0,0,0,0,-100
2026-07-22 17:30:00,XRPUSD,1.132,1.1393,1.1316,1.1352,0.0,0,none,0,0,0,0,0,0,0,0
2026-07-22 17:45:00,XRPUSD,1.1352,1.1399,1.1346,1.1397,0.0,0,none,0,0,0,0,0,0,0,0
2026-07-22 18:00:00,XRPUSD,1.1397,1.1456,1.1396,1.1441,0.0,0,none,0,0,0,0,0,0,0,0
2026-07-22 18:15:00,XRPUSD,1.144,1.153,1.1432,1.1521,0.0,0,none,0,0,0,0,0,0,0,0
2026-07-22 18:30:00,XRPUSD,1.1522,1.1534,1.1465,1.1499,0.0,0,none,0,0,0,0,0,0,0,0
2026-07-22 18:45:00,XRPUSD,1.1499,1.1525,1.1467,1.1489,0.0,0,none,0,0,0,0,0,0,0,0
2026-07-22 19:00:00,XRPUSD,1.1489,1.1498,1.1455,1.1478,0.0,0,none,0,0,0,0,0,0,0,0
2026-07-22 19:15:00,XRPUSD,1.1476,1.1483,1.1429,1.1452,0.0,0,none,0,0,0,0,0,0,0,0
2026-07-22 19:30:00,XRPUSD,1.145,1.155,1.1448,1.1522,100.0,1,pat_engulfing=100,100,0,0,0,0,0,0,0
2026-07-22 19:45:00,XRPUSD,1.1522,1.1533,1.1487,1.1498,-100.0,-1,pat_harami=-100,0,0,0,0,-100,0,0,0
2026-07-22 20:00:00,XRPUSD,1.1488,1.1516,1.1472,1.1485,100.0,1,pat_doji=100,0,100,0,0,0,0,0,0
2026-07-22 20:15:00,XRPUSD,1.1486,1.1489,1.1406,1.1421,0.0,0,none,0,0,0,0,0,0,0,0
2026-07-22 20:30:00,XRPUSD,1.1421,1.1473,1.1415,1.1469,100.0,1,pat_harami=100,0,0,0,0,100,0,0,0
2026-07-22 20:45:00,XRPUSD,1.1471,1.1491,1.1437,1.1453,0.0,0,none,0,0,0,0,0,0,0,0
2026-07-22 21:00:00,XRPUSD,1.1452,1.1463,1.1413,1.1438,0.0,0,none,0,0,0,0,0,0,0,0
2026-07-22 21:15:00,XRPUSD,1.1438,1.1449,1.1393,1.1402,0.0,0,none,0,0,0,0,0,0,0,0
2026-07-22 21:30:00,XRPUSD,1.1401,1.1401,1.1347,1.1374,0.0,0,none,0,0,0,0,0,0,0,0
2026-07-22 21:45:00,XRPUSD,1.1373,1.1407,1.1359,1.138,0.0,0,none,0,0,0,0,0,0,0,0
2026-07-22 22:00:00,XRPUSD,1.138,1.1403,1.1323,1.1353,-100.0,-1,pat_engulfing=-100,-100,0,0,0,0,0,0,0
2026-07-22 22:15:00,XRPUSD,1.1352,1.1371,1.1335,1.1345,0.0,0,none,0,0,0,0,0,0,0,0
2026-07-22 22:30:00,XRPUSD,1.1345,1.1383,1.1342,1.1345,100.0,1,pat_doji=100,0,100,0,0,0,0,0,0
2026-07-22 22:45:00,XRPUSD,1.1346,1.137,1.1328,1.1335,-100.0,-1,pat_shooting_star=-100,0,0,0,-100,0,0,0,0
2026-07-22 23:00:00,XRPUSD,1.1333,1.1366,1.1305,1.1335,100.0,1,pat_doji=100,0,100,0,0,0,0,0,0
2026-07-22 23:15:00,XRPUSD,1.1336,1.1354,1.1325,1.1347,0.0,0,none,0,0,0,0,0,0,0,0
2026-07-22 23:30:00,XRPUSD,1.1347,1.1359,1.1334,1.1357,0.0,0,none,0,0,0,0,0,0,0,0
2026-07-22 23:45:00,XRPUSD,1.1347,1.1362,1.1336,1.1345,100.0,1,pat_doji=100,0,100,0,0,0,0,0,0
2026-07-23 00:00:00,XRPUSD,1.136,1.1376,1.1345,1.1347,0.0,0,none,0,0,0,0,0,0,0,0
2026-07-23 00:15:00,XRPUSD,1.1346,1.1376,1.1344,1.1374,100.0,1,"pat_engulfing=100,pat_marubozu=100",100,0,0,0,0,0,0,100
2026-07-23 00:30:00,XRPUSD,1.1373,1.1403,1.1362,1.1395,0.0,0,none,0,0,0,0,0,0,0,0
2026-07-23 00:45:00,XRPUSD,1.1395,1.1403,1.1376,1.1402,100.0,1,pat_hammer=100,0,0,100,0,0,0,0,0
2026-07-23 01:00:00,XRPUSD,1.1402,1.1405,1.1365,1.1383,-100.0,-1,pat_engulfing=-100,-100,0,0,0,0,0,0,0
2026-07-23 01:15:00,XRPUSD,1.1384,1.1401,1.1364,1.1386,100.0,1,pat_doji=100,0,100,0,0,0,0,0,0
2026-07-23 01:30:00,XRPUSD,1.1387,1.1398,1.135,1.1355,-100.0,-1,pat_engulfing=-100,-100,0,0,0,0,0,0,0
2026-07-20 20:45:00,XAUUSD,4007.98,4007.99,4003.79,4005.34,0.0,0,none,0,0,0,0,0,0,0,0
2026-07-20 21:00:00,XAUUSD,4005.36,4010.83,4005.25,4008.83,0.0,0,none,0,0,0,0,0,0,0,0
2026-07-20 21:15:00,XAUUSD,4008.83,4011.79,4003.46,4006.74,0.0,0,none,0,0,0,0,0,0,0,0
2026-07-20 21:30:00,XAUUSD,4006.88,4007.54,4004.43,4006.44,0.0,0,none,0,0,0,0,0,0,0,0
2026-07-20 21:45:00,XAUUSD,4006.39,4008.78,4005.37,4007.45,100.0,1,pat_engulfing=100,100,0,0,0,0,0,0,0
2026-07-20 22:00:00,XAUUSD,4007.44,4008.16,4004.36,4004.66,0.0,0,none,0,0,0,0,0,0,0,0
2026-07-20 22:15:00,XAUUSD,4004.64,4013.0,4004.26,4012.91,100.0,1,"pat_engulfing=100,pat_marubozu=100",100,0,0,0,0,0,0,100
2026-07-20 22:30:00,XAUUSD,4013.02,4017.98,4005.38,4005.9,0.0,0,none,0,0,0,0,0,0,0,0
2026-07-20 22:45:00,XAUUSD,4005.9,4010.05,4005.63,4006.99,100.0,1,pat_harami=100,0,0,0,0,100,0,0,0
2026-07-20 23:00:00,XAUUSD,4007.16,4009.48,4005.72,4007.67,0.0,0,none,0,0,0,0,0,0,0,0
2026-07-20 23:15:00,XAUUSD,4007.71,4009.18,4007.08,4008.16,0.0,0,none,0,0,0,0,0,0,0,0
2026-07-20 23:30:00,XAUUSD,4008.16,4009.43,4007.31,4008.82,0.0,0,none,0,0,0,0,0,0,0,0
2026-07-20 23:45:00,XAUUSD,4008.69,4008.86,4007.16,4007.64,0.0,0,none,0,0,0,0,0,0,0,0
2026-07-21 01:00:00,XAUUSD,4009.42,4009.78,4006.09,4007.02,0.0,0,none,0,0,0,0,0,0,0,0
2026-07-21 01:15:00,XAUUSD,4007.02,4010.57,4005.02,4009.76,100.0,1,pat_engulfing=100,100,0,0,0,0,0,0,0
2026-07-21 01:30:00,XAUUSD,4009.75,4009.87,4002.95,4004.27,0.0,0,none,0,0,0,0,0,0,0,0
2026-07-21 01:45:00,XAUUSD,4004.27,4008.21,3999.75,4000.41,0.0,0,none,0,0,0,0,0,0,0,0
2026-07-21 02:00:00,XAUUSD,4000.41,4009.84,4000.15,4003.13,0.0,0,none,0,0,0,0,0,0,0,0
2026-07-21 02:15:00,XAUUSD,4003.11,4007.26,4003.03,4003.64,0.0,0,none,0,0,0,0,0,0,0,0
2026-07-21 02:30:00,XAUUSD,4003.53,4008.48,4003.41,4007.64,0.0,0,none,0,0,0,0,0,0,0,0
2026-07-21 02:45:00,XAUUSD,4007.64,4010.36,4004.32,4009.86,0.0,0,none,0,0,0,0,0,0,0,0
2026-07-21 03:00:00,XAUUSD,4009.88,4012.72,4003.84,4010.63,100.0,1,pat_doji=100,0,100,0,0,0,0,0,0
2026-07-21 03:15:00,XAUUSD,4010.66,4018.55,4007.87,4015.1,0.0,0,none,0,0,0,0,0,0,0,0
2026-07-21 03:30:00,XAUUSD,4015.06,4023.84,4014.24,4022.5,0.0,0,none,0,0,0,0,0,0,0,0
2026-07-21 03:45:00,XAUUSD,4022.51,4027.19,4021.95,4024.83,0.0,0,none,0,0,0,0,0,0,0,0
2026-07-21 04:00:00,XAUUSD,4025.58,4029.89,4018.58,4029.01,100.0,1,pat_hammer=100,0,0,100,0,0,0,0,0
2026-07-21 04:15:00,XAUUSD,4029.03,4035.73,4026.41,4028.1,100.0,1,pat_doji=100,0,100,0,0,0,0,0,0
2026-07-21 04:30:00,XAUUSD,4028.1,4030.91,4023.07,4024.51,0.0,0,none,0,0,0,0,0,0,0,0
2026-07-21 04:45:00,XAUUSD,4024.53,4028.28,4021.44,4023.25,0.0,0,none,0,0,0,0,0,0,0,0
2026-07-21 05:00:00,XAUUSD,4023.27,4026.68,4022.04,4024.37,100.0,1,pat_harami=100,0,0,0,0,100,0,0,0
2026-07-21 05:15:00,XAUUSD,4024.37,4030.04,4022.03,4028.84,0.0,0,none,0,0,0,0,0,0,0,0
2026-07-21 05:30:00,XAUUSD,4028.77,4045.06,4028.02,4035.58,0.0,0,none,0,0,0,0,0,0,0,0
2026-07-21 05:45:00,XAUUSD,4035.76,4038.39,4031.15,4038.05,100.0,1,pat_hammer=100,0,0,100,0,0,0,0,0
2026-07-21 06:00:00,XAUUSD,4038.02,4042.22,4037.74,4038.14,100.0,1,pat_doji=100,0,100,0,0,0,0,0,0
2026-07-21 06:15:00,XAUUSD,4038.13,4050.94,4036.83,4047.45,0.0,0,none,0,0,0,0,0,0,0,0
2026-07-21 06:30:00,XAUUSD,4047.53,4049.58,4041.87,4041.9,-100.0,-1,pat_harami=-100,0,0,0,0,-100,0,0,0
2026-07-21 06:45:00,XAUUSD,4041.9,4047.48,4041.86,4046.91,100.0,1,pat_marubozu=100,0,0,0,0,0,0,0,100
2026-07-21 07:00:00,XAUUSD,4046.91,4051.76,4045.71,4045.99,-100.0,-1,pat_shooting_star=-100,0,0,0,-100,0,0,0,0
2026-07-21 07:15:00,XAUUSD,4045.99,4046.76,4043.82,4044.68,0.0,0,none,0,0,0,0,0,0,0,0
2026-07-21 07:30:00,XAUUSD,4044.69,4047.66,4044.31,4046.95,0.0,0,none,0,0,0,0,0,0,0,0
2026-07-21 07:45:00,XAUUSD,4047.0,4049.84,4045.49,4049.59,0.0,0,none,0,0,0,0,0,0,0,0
2026-07-21 08:00:00,XAUUSD,4049.58,4051.79,4046.43,4051.54,0.0,0,none,0,0,0,0,0,0,0,0
2026-07-21 08:15:00,XAUUSD,4051.57,4056.47,4048.06,4054.39,0.0,0,none,0,0,0,0,0,0,0,0
2026-07-21 08:30:00,XAUUSD,4054.39,4066.5,4054.39,4066.1,100.0,1,pat_marubozu=100,0,0,0,0,0,0,0,100
2026-07-21 08:45:00,XAUUSD,4066.42,4067.96,4061.25,4061.62,0.0,0,none,0,0,0,0,0,0,0,0
2026-07-21 09:00:00,XAUUSD,4061.6,4072.53,4061.6,4071.49,100.0,1,"pat_engulfing=100,pat_marubozu=100",100,0,0,0,0,0,0,100
2026-07-21 09:15:00,XAUUSD,4071.4,4074.45,4068.38,4072.4,0.0,0,none,0,0,0,0,0,0,0,0
2026-07-21 09:30:00,XAUUSD,4072.42,4080.73,4072.01,4077.11,0.0,0,none,0,0,0,0,0,0,0,0
2026-07-21 09:45:00,XAUUSD,4077.11,4084.29,4077.09,4078.42,0.0,0,none,0,0,0,0,0,0,0,0
2026-07-21 10:00:00,XAUUSD,4078.37,4080.16,4071.83,4072.24,0.0,0,none,0,0,0,0,0,0,0,0
2026-07-21 10:15:00,XAUUSD,4072.25,4073.58,4068.36,4069.67,0.0,0,none,0,0,0,0,0,0,0,0
2026-07-21 10:30:00,XAUUSD,4069.67,4075.45,4067.76,4071.49,0.0,0,none,0,0,0,0,0,0,0,0
2026-07-21 10:45:00,XAUUSD,4071.5,4072.64,4069.88,4071.46,0.0,0,"pat_doji=100,pat_harami=-100",0,100,0,0,-100,0,0,0
2026-07-21 11:00:00,XAUUSD,4071.45,4072.63,4065.61,4068.09,0.0,0,none,0,0,0,0,0,0,0,0
2026-07-21 11:15:00,XAUUSD,4068.08,4068.63,4063.06,4063.53,0.0,0,none,0,0,0,0,0,0,0,0
2026-07-21 11:30:00,XAUUSD,4063.71,4065.25,4060.99,4062.33,0.0,0,none,0,0,0,0,0,0,0,0
2026-07-21 11:45:00,XAUUSD,4062.41,4063.71,4059.25,4062.95,0.0,0,none,0,0,0,0,0,0,0,0
2026-07-21 12:00:00,XAUUSD,4063.02,4066.77,4063.02,4065.22,0.0,0,none,0,0,0,0,0,0,0,0
2026-07-21 12:15:00,XAUUSD,4065.25,4068.38,4062.67,4062.91,-100.0,-1,pat_engulfing=-100,-100,0,0,0,0,0,0,0
2026-07-21 12:30:00,XAUUSD,4062.89,4065.61,4061.16,4062.43,0.0,0,none,0,0,0,0,0,0,0,0
2026-07-21 12:45:00,XAUUSD,4062.43,4069.71,4062.16,4066.11,100.0,1,pat_engulfing=100,100,0,0,0,0,0,0,0
2026-07-21 13:00:00,XAUUSD,4066.12,4068.51,4060.94,4066.32,100.0,1,pat_doji=100,0,100,0,0,0,0,0,0
2026-07-21 13:15:00,XAUUSD,4066.33,4069.42,4065.08,4066.77,0.0,0,none,0,0,0,0,0,0,0,0
2026-07-21 13:30:00,XAUUSD,4066.8,4070.26,4066.58,4067.12,100.0,1,pat_doji=100,0,100,0,0,0,0,0,0
2026-07-21 13:45:00,XAUUSD,4067.13,4068.55,4062.53,4063.08,-100.0,-1,pat_engulfing=-100,-100,0,0,0,0,0,0,0
2026-07-21 14:00:00,XAUUSD,4063.08,4063.78,4055.51,4058.54,0.0,0,none,0,0,0,0,0,0,0,0
2026-07-21 14:15:00,XAUUSD,4058.54,4059.87,4056.26,4058.0,0.0,0,none,0,0,0,0,0,0,0,0
2026-07-21 14:30:00,XAUUSD,4058.39,4061.25,4055.56,4056.18,0.0,0,none,0,0,0,0,0,0,0,0
2026-07-21 14:45:00,XAUUSD,4056.18,4058.59,4054.43,4056.08,100.0,1,pat_doji=100,0,100,0,0,0,0,0,0
2026-07-21 15:00:00,XAUUSD,4056.15,4061.05,4055.94,4059.42,0.0,0,none,0,0,0,0,0,0,0,0
2026-07-21 15:15:00,XAUUSD,4059.53,4065.73,4055.87,4061.66,0.0,0,none,0,0,0,0,0,0,0,0
2026-07-21 15:30:00,XAUUSD,4061.65,4063.82,4051.19,4054.08,0.0,0,none,0,0,0,0,0,0,0,0
2026-07-21 15:45:00,XAUUSD,4054.04,4062.21,4052.88,4053.89,100.0,1,pat_doji=100,0,100,0,0,0,0,0,0
2026-07-21 16:00:00,XAUUSD,4054.1,4060.49,4053.98,4059.75,100.0,1,"pat_harami=100,pat_marubozu=100",0,0,0,0,100,0,0,100
2026-07-21 16:15:00,XAUUSD,4059.75,4061.77,4050.24,4050.98,-100.0,-1,pat_engulfing=-100,-100,0,0,0,0,0,0,0
2026-07-21 16:30:00,XAUUSD,4050.99,4057.48,4044.68,4046.48,0.0,0,none,0,0,0,0,0,0,0,0
2026-07-21 16:45:00,XAUUSD,4046.41,4053.62,4044.55,4053.27,100.0,1,pat_engulfing=100,100,0,0,0,0,0,0,0
2026-07-21 17:00:00,XAUUSD,4053.27,4066.03,4051.83,4065.99,100.0,1,pat_marubozu=100,0,0,0,0,0,0,0,100
2026-07-21 17:15:00,XAUUSD,4066.02,4069.43,4061.11,4069.39,0.0,0,none,0,0,0,0,0,0,0,0
2026-07-21 17:30:00,XAUUSD,4069.43,4073.75,4062.31,4067.57,0.0,0,none,0,0,0,0,0,0,0,0
2026-07-21 17:45:00,XAUUSD,4067.62,4070.8,4066.24,4068.51,100.0,1,pat_harami=100,0,0,0,0,100,0,0,0
2026-07-21 18:00:00,XAUUSD,4068.5,4073.88,4065.57,4073.33,0.0,0,none,0,0,0,0,0,0,0,0
2026-07-21 18:15:00,XAUUSD,4073.32,4079.21,4073.32,4076.81,0.0,0,none,0,0,0,0,0,0,0,0
2026-07-21 18:30:00,XAUUSD,4076.82,4083.34,4075.58,4075.9,-100.0,-1,pat_shooting_star=-100,0,0,0,-100,0,0,0,0
2026-07-21 18:45:00,XAUUSD,4075.93,4078.18,4072.25,4074.21,0.0,0,none,0,0,0,0,0,0,0,0
2026-07-21 19:00:00,XAUUSD,4074.27,4079.19,4073.62,4078.5,0.0,0,none,0,0,0,0,0,0,0,0
2026-07-21 19:15:00,XAUUSD,4078.5,4078.56,4074.07,4075.67,-100.0,-1,pat_harami=-100,0,0,0,0,-100,0,0,0
2026-07-21 19:30:00,XAUUSD,4075.66,4076.43,4071.09,4072.01,0.0,0,none,0,0,0,0,0,0,0,0
2026-07-21 19:45:00,XAUUSD,4072.0,4073.4,4069.91,4071.56,0.0,0,none,0,0,0,0,0,0,0,0
2026-07-21 20:00:00,XAUUSD,4071.54,4072.65,4069.41,4070.59,0.0,0,none,0,0,0,0,0,0,0,0
2026-07-21 20:15:00,XAUUSD,4070.63,4072.88,4069.07,4072.31,0.0,0,none,0,0,0,0,0,0,0,0
2026-07-21 20:30:00,XAUUSD,4072.23,4072.36,4066.87,4068.17,0.0,0,none,0,0,0,0,0,0,0,0
2026-07-21 20:45:00,XAUUSD,4068.18,4068.57,4066.82,4068.57,100.0,1,pat_hammer=100,0,0,100,0,0,0,0,0
2026-07-21 21:00:00,XAUUSD,4068.61,4072.31,4067.78,4071.55,0.0,0,none,0,0,0,0,0,0,0,0
2026-07-21 21:15:00,XAUUSD,4071.58,4086.52,4071.18,4083.82,0.0,0,none,0,0,0,0,0,0,0,0
2026-07-21 21:30:00,XAUUSD,4083.82,4085.71,4081.27,4082.54,-100.0,-1,pat_harami=-100,0,0,0,0,-100,0,0,0
2026-07-21 21:45:00,XAUUSD,4082.5,4083.47,4079.29,4082.36,100.0,1,pat_doji=100,0,100,0,0,0,0,0,0
2026-07-21 22:00:00,XAUUSD,4082.35,4085.65,4080.12,4080.85,-100.0,-1,pat_shooting_star=-100,0,0,0,-100,0,0,0,0
2026-07-21 22:15:00,XAUUSD,4080.85,4085.32,4080.85,4084.14,100.0,1,"pat_engulfing=100,pat_harami=100",100,0,0,0,100,0,0,0
2026-07-21 22:30:00,XAUUSD,4084.27,4085.11,4081.99,4083.35,-100.0,-1,pat_harami=-100,0,0,0,0,-100,0,0,0
2026-07-21 22:45:00,XAUUSD,4083.35,4085.42,4082.89,4084.49,100.0,1,pat_engulfing=100,100,0,0,0,0,0,0,0
2026-07-21 23:00:00,XAUUSD,4084.48,4086.29,4083.23,4084.37,100.0,1,pat_doji=100,0,100,0,0,0,0,0,0
2026-07-21 23:15:00,XAUUSD,4084.4,4084.58,4081.58,4082.68,0.0,0,none,0,0,0,0,0,0,0,0
2026-07-21 23:30:00,XAUUSD,4082.68,4085.41,4080.47,4081.03,0.0,0,none,0,0,0,0,0,0,0,0
2026-07-21 23:45:00,XAUUSD,4081.02,4081.02,4076.7,4077.81,0.0,0,none,0,0,0,0,0,0,0,0
2026-07-22 01:00:00,XAUUSD,4079.8,4079.99,4077.07,4079.01,0.0,0,none,0,0,0,0,0,0,0,0
2026-07-22 01:15:00,XAUUSD,4079.03,4083.13,4078.27,4082.75,0.0,0,none,0,0,0,0,0,0,0,0
2026-07-22 01:30:00,XAUUSD,4082.74,4085.03,4082.66,4083.95,0.0,0,none,0,0,0,0,0,0,0,0
2026-07-22 01:45:00,XAUUSD,4083.95,4084.41,4078.24,4080.42,-100.0,-1,pat_engulfing=-100,-100,0,0,0,0,0,0,0
2026-07-22 02:00:00,XAUUSD,4080.43,4081.97,4079.49,4081.4,100.0,1,pat_harami=100,0,0,0,0,100,0,0,0
2026-07-22 02:15:00,XAUUSD,4081.38,4082.59,4080.97,4081.21,0.0,0,none,0,0,0,0,0,0,0,0
2026-07-22 02:30:00,XAUUSD,4081.21,4082.34,4079.29,4080.5,0.0,0,none,0,0,0,0,0,0,0,0
2026-07-22 02:45:00,XAUUSD,4080.5,4083.16,4079.25,4080.93,0.0,0,none,0,0,0,0,0,0,0,0
2026-07-22 03:00:00,XAUUSD,4080.67,4092.8,4076.85,4092.26,0.0,0,none,0,0,0,0,0,0,0,0
2026-07-22 03:15:00,XAUUSD,4092.27,4098.76,4092.27,4098.17,100.0,1,pat_marubozu=100,0,0,0,0,0,0,0,100
2026-07-22 03:30:00,XAUUSD,4098.2,4102.39,4089.69,4092.84,0.0,0,none,0,0,0,0,0,0,0,0
2026-07-22 03:45:00,XAUUSD,4092.82,4099.29,4091.63,4097.51,100.0,1,pat_harami=100,0,0,0,0,100,0,0,0
2026-07-22 04:00:00,XAUUSD,4097.52,4121.42,4096.83,4121.25,100.0,1,pat_marubozu=100,0,0,0,0,0,0,0,100
2026-07-22 04:15:00,XAUUSD,4121.08,4121.63,4111.88,4115.51,0.0,0,none,0,0,0,0,0,0,0,0
2026-07-22 04:30:00,XAUUSD,4115.5,4122.88,4112.99,4121.65,100.0,1,pat_engulfing=100,100,0,0,0,0,0,0,0
2026-07-22 04:45:00,XAUUSD,4121.65,4123.61,4117.3,4122.15,100.0,1,pat_doji=100,0,100,0,0,0,0,0,0
2026-07-22 05:00:00,XAUUSD,4122.1,4123.15,4118.97,4121.91,0.0,0,"pat_doji=100,pat_harami=-100",0,100,0,0,-100,0,0,0
2026-07-22 05:15:00,XAUUSD,4121.91,4125.99,4119.92,4124.22,100.0,1,pat_engulfing=100,100,0,0,0,0,0,0,0
2026-07-22 05:30:00,XAUUSD,4124.49,4130.4,4122.23,4128.31,0.0,0,none,0,0,0,0,0,0,0,0
2026-07-22 05:45:00,XAUUSD,4128.33,4130.92,4126.36,4130.55,0.0,0,none,0,0,0,0,0,0,0,0
2026-07-22 06:00:00,XAUUSD,4130.49,4140.73,4129.25,4137.31,0.0,0,none,0,0,0,0,0,0,0,0
2026-07-22 06:15:00,XAUUSD,4137.29,4141.68,4136.72,4138.21,0.0,0,none,0,0,0,0,0,0,0,0
2026-07-22 06:30:00,XAUUSD,4138.22,4138.33,4132.52,4133.68,-100.0,-1,pat_engulfing=-100,-100,0,0,0,0,0,0,0
2026-07-22 06:45:00,XAUUSD,4133.58,4134.43,4130.11,4130.86,0.0,0,none,0,0,0,0,0,0,0,0
2026-07-22 07:00:00,XAUUSD,4130.91,4131.3,4126.26,4127.05,0.0,0,none,0,0,0,0,0,0,0,0
2026-07-22 07:15:00,XAUUSD,4127.04,4129.67,4127.03,4128.79,100.0,1,pat_harami=100,0,0,0,0,100,0,0,0
2026-07-22 07:30:00,XAUUSD,4128.81,4129.03,4124.78,4127.36,0.0,0,none,0,0,0,0,0,0,0,0
2026-07-22 07:45:00,XAUUSD,4127.42,4127.74,4125.31,4127.11,0.0,0,none,0,0,0,0,0,0,0,0
2026-07-22 08:00:00,XAUUSD,4127.12,4130.05,4126.02,4128.52,0.0,0,none,0,0,0,0,0,0,0,0
2026-07-22 08:15:00,XAUUSD,4128.51,4128.74,4123.2,4123.73,-100.0,-1,pat_marubozu=-100,0,0,0,0,0,0,0,-100
2026-07-22 08:30:00,XAUUSD,4123.75,4134.08,4123.22,4132.41,0.0,0,none,0,0,0,0,0,0,0,0
2026-07-22 08:45:00,XAUUSD,4132.47,4133.27,4128.04,4131.14,-100.0,-1,pat_harami=-100,0,0,0,0,-100,0,0,0
2026-07-22 09:00:00,XAUUSD,4131.14,4135.21,4129.4,4129.95,-100.0,-1,pat_shooting_star=-100,0,0,0,-100,0,0,0,0
2026-07-22 09:15:00,XAUUSD,4129.91,4132.04,4113.99,4117.44,0.0,0,none,0,0,0,0,0,0,0,0
2026-07-22 09:30:00,XAUUSD,4117.44,4120.38,4114.72,4118.75,100.0,1,pat_harami=100,0,0,0,0,100,0,0,0
2026-07-22 09:45:00,XAUUSD,4118.73,4120.78,4113.39,4116.46,0.0,0,none,0,0,0,0,0,0,0,0
2026-07-22 10:00:00,XAUUSD,4116.45,4117.35,4111.95,4116.58,100.0,1,pat_doji=100,0,100,0,0,0,0,0,0
2026-07-22 10:15:00,XAUUSD,4116.56,4122.47,4116.0,4119.69,0.0,0,none,0,0,0,0,0,0,0,0
2026-07-22 10:30:00,XAUUSD,4119.62,4123.05,4111.06,4112.42,0.0,0,none,0,0,0,0,0,0,0,0
2026-07-22 10:45:00,XAUUSD,4112.43,4114.36,4109.33,4110.72,0.0,0,none,0,0,0,0,0,0,0,0
2026-07-22 11:00:00,XAUUSD,4110.95,4116.09,4110.66,4114.64,0.0,0,none,0,0,0,0,0,0,0,0
2026-07-22 11:15:00,XAUUSD,4114.72,4117.92,4113.41,4117.54,0.0,0,none,0,0,0,0,0,0,0,0
2026-07-22 11:30:00,XAUUSD,4117.53,4119.2,4114.19,4114.67,0.0,0,none,0,0,0,0,0,0,0,0
2026-07-22 11:45:00,XAUUSD,4114.68,4120.31,4113.38,4118.41,0.0,0,none,0,0,0,0,0,0,0,0
2026-07-22 12:00:00,XAUUSD,4118.63,4122.32,4117.97,4121.72,0.0,0,none,0,0,0,0,0,0,0,0
2026-07-22 12:15:00,XAUUSD,4121.79,4122.42,4117.94,4118.77,0.0,0,none,0,0,0,0,0,0,0,0
2026-07-22 12:30:00,XAUUSD,4118.78,4121.8,4114.48,4116.11,0.0,0,none,0,0,0,0,0,0,0,0
2026-07-22 12:45:00,XAUUSD,4116.11,4117.92,4113.33,4115.15,0.0,0,none,0,0,0,0,0,0,0,0
2026-07-22 13:00:00,XAUUSD,4115.26,4120.05,4114.93,4117.57,0.0,0,none,0,0,0,0,0,0,0,0
2026-07-22 13:15:00,XAUUSD,4117.65,4121.88,4116.48,4119.44,0.0,0,none,0,0,0,0,0,0,0,0
2026-07-22 13:30:00,XAUUSD,4119.46,4120.03,4116.01,4117.09,-100.0,-1,pat_engulfing=-100,-100,0,0,0,0,0,0,0
2026-07-22 13:45:00,XAUUSD,4117.09,4120.37,4116.19,4117.56,0.0,0,none,0,0,0,0,0,0,0,0
2026-07-22 14:00:00,XAUUSD,4117.55,4121.04,4115.25,4119.31,0.0,0,none,0,0,0,0,0,0,0,0
2026-07-22 14:15:00,XAUUSD,4119.32,4123.06,4117.52,4118.65,0.0,0,none,0,0,0,0,0,0,0,0
2026-07-22 14:30:00,XAUUSD,4118.66,4120.69,4112.8,4115.29,0.0,0,none,0,0,0,0,0,0,0,0
2026-07-22 14:45:00,XAUUSD,4115.28,4123.03,4114.99,4122.69,100.0,1,"pat_engulfing=100,pat_marubozu=100",100,0,0,0,0,0,0,100
2026-07-22 15:00:00,XAUUSD,4122.79,4127.32,4121.86,4127.07,0.0,0,none,0,0,0,0,0,0,0,0
2026-07-22 15:15:00,XAUUSD,4127.07,4133.15,4124.82,4132.67,0.0,0,none,0,0,0,0,0,0,0,0
2026-07-22 15:30:00,XAUUSD,4132.84,4134.41,4124.74,4127.33,0.0,0,none,0,0,0,0,0,0,0,0
2026-07-22 15:45:00,XAUUSD,4127.37,4127.63,4106.66,4112.86,0.0,0,none,0,0,0,0,0,0,0,0
2026-07-22 16:00:00,XAUUSD,4113.07,4125.85,4112.89,4125.8,100.0,1,"pat_harami=100,pat_marubozu=100",0,0,0,0,100,0,0,100
2026-07-22 16:15:00,XAUUSD,4125.79,4135.0,4125.03,4131.77,0.0,0,none,0,0,0,0,0,0,0,0
2026-07-22 16:30:00,XAUUSD,4131.76,4146.68,4131.76,4142.78,0.0,0,none,0,0,0,0,0,0,0,0
2026-07-22 16:45:00,XAUUSD,4142.81,4155.9,4142.53,4154.64,100.0,1,pat_marubozu=100,0,0,0,0,0,0,0,100
2026-07-22 17:00:00,XAUUSD,4154.66,4163.45,4153.41,4156.62,0.0,0,none,0,0,0,0,0,0,0,0
2026-07-22 17:15:00,XAUUSD,4156.61,4156.61,4144.52,4146.3,-100.0,-1,pat_marubozu=-100,0,0,0,0,0,0,0,-100
2026-07-22 17:30:00,XAUUSD,4146.32,4153.03,4146.32,4150.92,100.0,1,pat_harami=100,0,0,0,0,100,0,0,0
2026-07-22 17:45:00,XAUUSD,4150.84,4152.98,4144.12,4148.5,0.0,0,none,0,0,0,0,0,0,0,0
2026-07-22 18:00:00,XAUUSD,4148.51,4158.55,4148.51,4157.5,100.0,1,pat_marubozu=100,0,0,0,0,0,0,0,100
2026-07-22 18:15:00,XAUUSD,4157.51,4161.34,4153.35,4157.28,100.0,1,pat_doji=100,0,100,0,0,0,0,0,0
2026-07-22 18:30:00,XAUUSD,4157.08,4160.92,4155.6,4160.03,100.0,1,"pat_engulfing=100,pat_harami=100",100,0,0,0,100,0,0,0
2026-07-22 18:45:00,XAUUSD,4160.03,4166.07,4158.46,4159.44,100.0,1,pat_doji=100,0,100,0,0,0,0,0,0
2026-07-22 19:00:00,XAUUSD,4159.45,4159.48,4153.2,4154.62,0.0,0,none,0,0,0,0,0,0,0,0
2026-07-22 19:15:00,XAUUSD,4154.61,4155.61,4147.94,4149.26,0.0,0,none,0,0,0,0,0,0,0,0
2026-07-22 19:30:00,XAUUSD,4149.31,4151.39,4144.51,4147.14,0.0,0,none,0,0,0,0,0,0,0,0
2026-07-22 19:45:00,XAUUSD,4147.85,4149.12,4144.71,4146.95,0.0,0,none,0,0,0,0,0,0,0,0
2026-07-22 20:00:00,XAUUSD,4146.95,4147.92,4143.06,4145.46,0.0,0,none,0,0,0,0,0,0,0,0
2026-07-22 20:15:00,XAUUSD,4145.25,4147.25,4142.74,4146.06,0.0,0,none,0,0,0,0,0,0,0,0
2026-07-22 20:30:00,XAUUSD,4146.06,4147.54,4138.4,4140.53,-100.0,-1,pat_engulfing=-100,-100,0,0,0,0,0,0,0
2026-07-22 20:45:00,XAUUSD,4140.55,4143.82,4140.43,4142.38,100.0,1,pat_harami=100,0,0,0,0,100,0,0,0
2026-07-22 21:00:00,XAUUSD,4142.41,4142.78,4136.71,4138.21,-100.0,-1,pat_engulfing=-100,-100,0,0,0,0,0,0,0
2026-07-22 21:15:00,XAUUSD,4138.15,4139.74,4134.84,4135.29,0.0,0,none,0,0,0,0,0,0,0,0
2026-07-22 21:30:00,XAUUSD,4135.29,4136.39,4132.09,4135.99,100.0,1,pat_hammer=100,0,0,100,0,0,0,0,0
2026-07-22 21:45:00,XAUUSD,4135.98,4138.93,4135.46,4136.04,100.0,1,pat_doji=100,0,100,0,0,0,0,0,0
2026-07-22 22:00:00,XAUUSD,4136.04,4137.33,4133.03,4134.11,-100.0,-1,pat_engulfing=-100,-100,0,0,0,0,0,0,0
2026-07-22 22:15:00,XAUUSD,4134.1,4135.51,4131.73,4134.54,0.0,0,none,0,0,0,0,0,0,0,0
2026-07-22 22:30:00,XAUUSD,4134.53,4136.29,4132.67,4133.95,0.0,0,none,0,0,0,0,0,0,0,0
2026-07-22 22:45:00,XAUUSD,4134.0,4135.29,4128.97,4131.87,0.0,0,none,0,0,0,0,0,0,0,0
2026-07-22 23:00:00,XAUUSD,4131.61,4135.55,4130.37,4134.59,100.0,1,pat_engulfing=100,100,0,0,0,0,0,0,0
2026-07-22 23:15:00,XAUUSD,4134.51,4137.87,4133.84,4136.65,0.0,0,none,0,0,0,0,0,0,0,0
2026-07-22 23:30:00,XAUUSD,4136.64,4137.48,4130.76,4130.95,0.0,0,none,0,0,0,0,0,0,0,0
2026-07-22 23:45:00,XAUUSD,4130.95,4131.13,4128.23,4129.91,0.0,0,none,0,0,0,0,0,0,0,0
2026-07-23 01:00:00,XAUUSD,4118.34,4125.75,4117.16,4123.91,0.0,0,none,0,0,0,0,0,0,0,0
2026-07-23 01:15:00,XAUUSD,4123.91,4129.05,4120.93,4128.83,0.0,0,none,0,0,0,0,0,0,0,0
2026-07-23 01:30:00,XAUUSD,4128.69,4129.73,4119.94,4121.64,0.0,0,none,0,0,0,0,0,0,0,0
